date,close,volume
2018-01-01,13657.2001953125,10291200000
2018-01-02,14982.099609375,16846600192
2018-01-03,15201.0,16871900160
2018-01-04,15599.2001953125,21783199744
2018-01-05,17429.5,23840899072
2018-01-06,17527.0,18314600448
2018-01-07,16477.599609375,15866000384
2018-01-08,15170.099609375,18413899776
2018-01-09,14595.400390625,16659999744
2018-01-10,14973.2998046875,18500800512
2018-01-11,13405.7998046875,16534099968
2018-01-12,13980.599609375,12065699840
2018-01-13,14360.2001953125,12763599872
2018-01-14,13772.0,11084099584
2018-01-15,13819.7998046875,12750799872
2018-01-16,11490.5,18853799936
2018-01-17,11188.599609375,18830600192
2018-01-18,11474.900390625,15020399616
2018-01-19,11607.400390625,10740400128
2018-01-20,12899.2001953125,11801700352
2018-01-21,11600.099609375,9935179776
2018-01-22,10931.400390625,10537400320
2018-01-23,10868.400390625,9660609536
2018-01-24,11359.400390625,9940989952
2018-01-25,11259.400390625,8873169920
2018-01-26,11171.400390625,9746199552
2018-01-27,11440.7001953125,7583269888
2018-01-28,11786.2998046875,8350360064
2018-01-29,11296.400390625,7107359744
2018-01-30,10106.2998046875,8637859840
2018-01-31,10221.099609375,8041160192
2018-02-01,9170.5400390625,9959400448
2018-02-02,8830.75,12726899712
2018-02-03,9174.91015625,7263790080
2018-02-04,8277.009765625,7073549824
2018-02-05,6955.27001953125,9285289984
2018-02-06,7754.0,13999800320
2018-02-07,7621.2998046875,9169280000
2018-02-08,8265.58984375,9346750464
2018-02-09,8736.98046875,6784820224
2018-02-10,8621.900390625,7780960256
2018-02-11,8129.97021484375,6122189824
2018-02-12,8926.5703125,6256439808
2018-02-13,8598.3095703125,5696719872
2018-02-14,9494.6298828125,7909819904
2018-02-15,10166.400390625,9062540288
2018-02-16,10233.900390625,7296159744
2018-02-17,11112.7001953125,8660880384
2018-02-18,10551.7998046875,8744009728
2018-02-19,11225.2998046875,7652089856
2018-02-20,11403.7001953125,9926540288
2018-02-21,10690.400390625,9405339648
2018-02-22,10005.0,8040079872
2018-02-23,10301.099609375,7739500032
2018-02-24,9813.0703125,6917929984
2018-02-25,9664.73046875,5706939904
2018-02-26,10366.7001953125,7287690240
2018-02-27,10725.599609375,6966179840
2018-02-28,10397.900390625,6936189952
2018-03-01,10951.0,7317279744
2018-03-02,11086.400390625,7620590080
2018-03-03,11489.7001953125,6690570240
2018-03-04,11512.599609375,6084149760
2018-03-05,11573.2998046875,6468539904
2018-03-06,10779.900390625,6832169984
2018-03-07,9965.5703125,8797910016
2018-03-08,9395.009765625,7186089984
2018-03-09,9337.5498046875,8704190464
2018-03-10,8866.0,5386319872
2018-03-11,9578.6298828125,6296370176
2018-03-12,9205.1201171875,6457399808
2018-03-13,9194.849609375,5991139840
2018-03-14,8269.8095703125,6438230016
2018-03-15,8300.8603515625,6834429952
2018-03-16,8338.349609375,5289379840
2018-03-17,7916.8798828125,4426149888
2018-03-18,8223.6796875,6639190016
2018-03-19,8630.650390625,6729110016
2018-03-20,8913.4697265625,6361789952
2018-03-21,8929.2802734375,6043129856
2018-03-22,8728.4697265625,5530390016
2018-03-23,8879.6201171875,5954120192
2018-03-24,8668.1201171875,5664600064
2018-03-25,8495.7802734375,4569880064
2018-03-26,8209.400390625,5921039872
2018-03-27,7833.0400390625,5378250240
2018-03-28,7954.47998046875,4935289856
2018-03-29,7165.7001953125,6361229824
2018-03-30,6890.52001953125,6289509888
2018-03-31,6973.52978515625,4553269760
2018-04-01,6844.22998046875,4532100096
2018-04-02,7083.7998046875,4333440000
2018-04-03,7456.10986328125,5499700224
2018-04-04,6853.83984375,4936000000
2018-04-05,6811.47021484375,5639320064
2018-04-06,6636.31982421875,3766810112
2018-04-07,6911.08984375,3976610048
2018-04-08,7023.52001953125,3652499968
2018-04-09,6770.72998046875,4894060032
2018-04-10,6834.759765625,4272750080
2018-04-11,6968.31982421875,4641889792
2018-04-12,7889.25,8906250240
2018-04-13,7895.9599609375,7764460032
2018-04-14,7986.240234375,5191430144
2018-04-15,8329.1103515625,5244480000
2018-04-16,8058.669921875,5631309824
2018-04-17,7902.08984375,6900879872
2018-04-18,8163.419921875,6529909760
2018-04-19,8294.3095703125,7063209984
2018-04-20,8845.830078125,8438110208
2018-04-21,8895.580078125,7548550144
2018-04-22,8802.4599609375,6629899776
2018-04-23,8930.8798828125,6925190144
2018-04-24,9697.5,10678800384
2018-04-25,8845.740234375,11083100160
2018-04-26,9281.509765625,8970559488
2018-04-27,8987.0498046875,7566289920
2018-04-28,9348.48046875,7805479936
2018-04-29,9419.080078125,8853000192
2018-04-30,9240.5498046875,8673920000
2018-05-01,9119.009765625,7713019904
2018-05-02,9235.919921875,7558159872
2018-05-03,9743.8603515625,10207299584
2018-05-04,9700.759765625,8217829888
2018-05-05,9858.150390625,7651939840
2018-05-06,9654.7998046875,7222280192
2018-05-07,9373.009765625,7394019840
2018-05-08,9234.8203125,7415869952
2018-05-09,9325.1796875,7226890240
2018-05-10,9043.9404296875,6906699776
2018-05-11,8441.490234375,8488520192
2018-05-12,8504.8896484375,6821380096
2018-05-13,8723.9404296875,5866379776
2018-05-14,8716.7900390625,7364149760
2018-05-15,8510.3798828125,6705710080
2018-05-16,8368.830078125,6760220160
2018-05-17,8094.31982421875,5862530048
2018-05-18,8250.9697265625,5764190208
2018-05-19,8247.1796875,4712399872
2018-05-20,8513.25,5191059968
2018-05-21,8418.990234375,5154990080
2018-05-22,8041.77978515625,5137010176
2018-05-23,7557.81982421875,6491120128
2018-05-24,7587.33984375,6049220096
2018-05-25,7480.14013671875,4867829760
2018-05-26,7355.8798828125,4051539968
2018-05-27,7368.22021484375,4056519936
2018-05-28,7135.990234375,5040600064
2018-05-29,7472.58984375,5662660096
2018-05-30,7406.52001953125,4922540032
2018-05-31,7494.169921875,5127130112
2018-06-01,7541.4501953125,4921460224
2018-06-02,7643.4501953125,4939299840
2018-06-03,7720.25,4851760128
2018-06-04,7514.47021484375,4993169920
2018-06-05,7633.759765625,4961739776
2018-06-06,7653.97998046875,4692259840
2018-06-07,7678.240234375,4485799936
2018-06-08,7624.919921875,4227579904
2018-06-09,7531.97998046875,3845220096
2018-06-10,6786.02001953125,5804839936
2018-06-11,6906.919921875,4745269760
2018-06-12,6582.35986328125,4654380032
2018-06-13,6349.89990234375,5052349952
2018-06-14,6675.35009765625,5138710016
2018-06-15,6456.580078125,3955389952
2018-06-16,6550.16015625,3194170112
2018-06-17,6499.27001953125,3104019968
2018-06-18,6734.81982421875,4039200000
2018-06-19,6769.93994140625,4057029888
2018-06-20,6776.5498046875,3888640000
2018-06-21,6729.740234375,3529129984
2018-06-22,6083.68994140625,5079810048
2018-06-23,6162.47998046875,3431360000
2018-06-24,6173.22998046875,4566909952
2018-06-25,6249.18017578125,5500810240
2018-06-26,6093.669921875,3279759872
2018-06-27,6157.1298828125,3296219904
2018-06-28,5903.43994140625,3467800064
2018-06-29,6218.2998046875,3966230016
2018-06-30,6404.0,4543860224
2018-07-01,6385.81982421875,4788259840
2018-07-02,6614.18017578125,4396930048
2018-07-03,6529.58984375,4672309760
2018-07-04,6597.5498046875,4176689920
2018-07-05,6639.14013671875,4999240192
2018-07-06,6673.5,4313959936
2018-07-07,6856.93017578125,3961080064
2018-07-08,6773.8798828125,3386210048
2018-07-09,6741.75,3718129920
2018-07-10,6329.9501953125,4052430080
2018-07-11,6394.7099609375,3644859904
2018-07-12,6228.81005859375,3770170112
2018-07-13,6238.0498046875,3805400064
2018-07-14,6276.1201171875,2923670016
2018-07-15,6359.64013671875,3285459968
2018-07-16,6741.75,4725799936
2018-07-17,7321.0400390625,5961950208
2018-07-18,7370.77978515625,6103410176
2018-07-19,7466.85986328125,5111629824
2018-07-20,7354.1298828125,4936869888
2018-07-21,7419.2900390625,3726609920
2018-07-22,7418.490234375,3695460096
2018-07-23,7711.10986328125,5132480000
2018-07-24,8424.26953125,7277689856
2018-07-25,8181.39013671875,5845400064
2018-07-26,7951.580078125,4899089920
2018-07-27,8165.009765625,5195879936
2018-07-28,8192.150390625,3988750080
2018-07-29,8218.4599609375,4107190016
2018-07-30,8180.47998046875,5551400000
2018-07-31,7780.43994140625,5287530000
2018-08-01,7624.91015625,4797620000
2018-08-02,7567.14990234375,4214110000
2018-08-03,7434.39013671875,4627150000
2018-08-04,7032.85009765625,4268390000
2018-08-05,7068.47998046875,3679110000
2018-08-06,6951.7998046875,3925900000
2018-08-07,6753.1201171875,4682800000
2018-08-08,6305.7998046875,5064430000
2018-08-09,6568.22998046875,4267040000
2018-08-10,6184.7099609375,4528680000
2018-08-11,6295.72998046875,4047850000
2018-08-12,6322.68994140625,5665250000
2018-08-13,6297.56982421875,4083980000
2018-08-14,6199.7099609375,5301700000
2018-08-15,6308.52001953125,4895450000
2018-08-16,6334.72998046875,4328420000
2018-08-17,6580.6298828125,4992990000
2018-08-18,6423.759765625,3984520000
2018-08-19,6506.06982421875,3311170000
2018-08-20,6308.52978515625,3665100000
2018-08-21,6488.759765625,3377180000
2018-08-22,6376.7099609375,4668110000
2018-08-23,6534.8798828125,3426180000
2018-08-24,6719.9599609375,4097820000
2018-08-25,6763.18994140625,3312600000
2018-08-26,6707.259765625,3295500000
2018-08-27,6884.64013671875,4019000000
2018-08-28,7096.27978515625,4659940000
2018-08-29,7047.16015625,4145880000
2018-08-30,6978.22998046875,4463250000
2018-08-31,7037.580078125,4495650000
2018-09-01,7193.25,4116050000
2018-09-02,7272.72021484375,4329540000
2018-09-03,7260.06005859375,4087760000
2018-09-04,7361.66015625,4273640000
2018-09-05,6792.830078125,5800460000
2018-09-06,6529.169921875,5523470000
2018-09-07,6467.06982421875,4264680000
2018-09-08,6225.97998046875,3835060000
2018-09-09,6300.85986328125,3671890000
2018-09-10,6329.7001953125,3714100000
2018-09-11,6321.2001953125,3849910000
2018-09-12,6351.7998046875,4064230000
2018-09-13,6517.31005859375,4210910000
2018-09-14,6512.7099609375,4076220000
2018-09-15,6543.2001953125,3216300000
2018-09-16,6517.18017578125,3273730000
2018-09-17,6281.2001953125,3910780000
2018-09-18,6371.2998046875,4180090000
2018-09-19,6398.5400390625,4431340000
2018-09-20,6519.669921875,4348110000
2018-09-21,6734.9501953125,6531940000
2018-09-22,6721.97998046875,4509660000
2018-09-23,6710.6298828125,4197500000
2018-09-24,6595.41015625,4177310000
2018-09-25,6446.47021484375,4726180000
2018-09-26,6495.0,4437300000
2018-09-27,6676.75,4606810000
2018-09-28,6644.1298828125,5014430000
2018-09-29,6601.9599609375,4363690000
2018-09-30,6625.56005859375,4002280000
2018-10-01,6589.6201171875,4000970000
2018-10-02,6556.10009765625,3979260000
2018-10-03,6502.58984375,3887310000
2018-10-04,6576.68994140625,3838410000
2018-10-05,6622.47998046875,3671500000
2018-10-06,6588.31005859375,3259740000
2018-10-07,6602.9501953125,3306630000
2018-10-08,6652.22998046875,3979460000
2018-10-09,6642.64013671875,3580810000
2018-10-10,6585.52978515625,3787650000
2018-10-11,6256.240234375,5181640000
2018-10-12,6274.580078125,3783500000
2018-10-13,6285.990234375,3064030000
2018-10-14,6290.93017578125,3085320000
2018-10-15,6596.5400390625,7370770000
2018-10-16,6596.10986328125,4074800000
2018-10-17,6544.43017578125,4088420000
2018-10-18,6476.7099609375,3924080000
2018-10-19,6465.41015625,3578870000
2018-10-20,6489.18994140625,3379130000
2018-10-21,6482.35009765625,3253610000
2018-10-22,6487.16015625,3672860000
2018-10-23,6475.740234375,3716150000
2018-10-24,6495.83984375,3424670000
2018-10-25,6476.2900390625,3230550000
2018-10-26,6474.75,3306050000
2018-10-27,6480.3798828125,3393250000
2018-10-28,6486.39013671875,3445190000
2018-10-29,6332.6298828125,4199910000
2018-10-30,6334.27001953125,3781100000
2018-10-31,6317.60986328125,4191240000
2018-11-01,6377.77978515625,3789400000
2018-11-02,6388.43994140625,4234870000
2018-11-03,6361.259765625,3658640000
2018-11-04,6376.1298828125,4390020000
2018-11-05,6419.66015625,4174800000
2018-11-06,6461.009765625,4700040000
2018-11-07,6530.14013671875,4941260000
2018-11-08,6453.72021484375,4665260000
2018-11-09,6385.6201171875,4346820000
2018-11-10,6409.22021484375,3705320000
2018-11-11,6411.27001953125,3939060000
2018-11-12,6371.27001953125,4295770000
2018-11-13,6359.490234375,4503800000
2018-11-14,5738.35009765625,7398940000
2018-11-15,5648.02978515625,7032140000
2018-11-16,5575.5498046875,5279320000
2018-11-17,5554.330078125,4303150000
2018-11-18,5623.5400390625,4159680000
2018-11-19,4871.490234375,7039560000
2018-11-20,4451.8701171875,8428290000
2018-11-21,4602.169921875,6120120000
2018-11-22,4365.93994140625,4569370000
2018-11-23,4347.10986328125,4871490000
2018-11-24,3880.760009765625,4679500000
2018-11-25,4009.969970703125,6825640000
2018-11-26,3779.1298828125,6476900000
2018-11-27,3820.719970703125,5998720000
2018-11-28,4257.419921875,7280280000
2018-11-29,4278.8466796875,6503347767
2018-11-30,4017.2685546875,6048016717
2018-12-01,4214.671875,5375314093
2018-12-02,4139.8779296875,5262697895
2018-12-03,3894.130859375,5089570994
2018-12-04,3956.893798828125,5028069239
2018-12-05,3753.994873046875,5302481574
2018-12-06,3521.101806640625,5878333109
2018-12-07,3419.937255859375,6835615448
2018-12-08,3476.11474609375,5305024497
2018-12-09,3614.234375,4947372847
2018-12-10,3502.656005859375,5020968740
2018-12-11,3424.588134765625,4696765188
2018-12-12,3486.9501953125,4139364829
2018-12-13,3313.67724609375,4343372456
2018-12-14,3242.48486328125,4372763663
2018-12-15,3236.76171875,3551763561
2018-12-16,3252.839111328125,3744248994
2018-12-17,3545.86474609375,5409247918
2018-12-18,3696.05908203125,5911325473
2018-12-19,3745.95068359375,6810689119
2018-12-20,4134.44140625,8927129279
2018-12-21,3896.543701171875,7206015706
2018-12-22,4014.1826171875,5605823233
2018-12-23,3998.980224609375,6151275490
2018-12-24,4078.59912109375,7240968501
2018-12-25,3815.49072265625,6158207293
2018-12-26,3857.297607421875,5326547918
2018-12-27,3654.83349609375,5130222366
2018-12-28,3923.918701171875,5631554348
2018-12-29,3820.40869140625,4991655917
2018-12-30,3865.95263671875,4770578575
2018-12-31,3742.700439453125,4661840806
2019-01-01,3843.52001953125,4324200990
2019-01-02,3943.409423828125,5244856836
2019-01-03,3836.7412109375,4530215219
2019-01-04,3857.717529296875,4847965467
2019-01-05,3845.194580078125,5137609824
2019-01-06,4076.632568359375,5597027440
2019-01-07,4025.248291015625,5228625637
2019-01-08,4030.847900390625,5306593305
2019-01-09,4035.29638671875,5115905225
2019-01-10,3678.924560546875,6874143796
2019-01-11,3687.365478515625,5538712865
2019-01-12,3661.301025390625,4778170883
2019-01-13,3552.953125,4681302466
2019-01-14,3706.05224609375,5651384490
2019-01-15,3630.67529296875,5537192302
2019-01-16,3655.0068359375,5394457145
2019-01-17,3678.56396484375,5464420383
2019-01-18,3657.83935546875,5002961727
2019-01-19,3728.568359375,5955691380
2019-01-20,3601.013671875,5582489560
2019-01-21,3576.032470703125,5004347059
2019-01-22,3604.5771484375,5313623556
2019-01-23,3585.123046875,5433755649
2019-01-24,3600.865478515625,5262869046
2019-01-25,3599.765869140625,5265847539
2019-01-26,3602.46044921875,5098183235
2019-01-27,3583.9658203125,5570752966
2019-01-28,3470.450439453125,6908930483
2019-01-29,3448.116943359375,5897159493
2019-01-30,3486.181640625,5955112627
2019-01-31,3457.792724609375,5831198271
2019-02-01,3487.9453125,5422926707
2019-02-02,3521.060791015625,5071623601
2019-02-03,3464.013427734375,5043937584
2019-02-04,3459.154052734375,5332718886
2019-02-05,3466.357421875,5227549545
2019-02-06,3413.767822265625,5482196038
2019-02-07,3399.4716796875,5004962683
2019-02-08,3666.7802734375,7735623101
2019-02-09,3671.20361328125,6158833645
2019-02-10,3690.188232421875,6282256903
2019-02-11,3648.4306640625,6277056434
2019-02-12,3653.528564453125,6480384532
2019-02-13,3632.070556640625,6438903823
2019-02-14,3616.880859375,6271044418
2019-02-15,3620.810791015625,6091952231
2019-02-16,3629.78759765625,5934744052
2019-02-17,3673.836181640625,7039512503
2019-02-18,3915.71435546875,9908216640
2019-02-19,3947.094482421875,9933626655
2019-02-20,3999.820556640625,8693373948
2019-02-21,3954.1181640625,7775128102
2019-02-22,4005.526611328125,7826525254
2019-02-23,4142.52685546875,8922258316
2019-02-24,3810.427490234375,10794227451
2019-02-25,3882.6962890625,9318796067
2019-02-26,3854.35791015625,7931218996
2019-02-27,3851.04736328125,8301309684
2019-02-28,3854.785400390625,8399767798
2019-03-01,3859.583740234375,7661247975
2019-03-02,3864.4150390625,7578786076
2019-03-03,3847.17578125,7253558152
2019-03-04,3761.55712890625,9029175788
2019-03-05,3896.375,10174126415
2019-03-06,3903.942626953125,9175291529
2019-03-07,3911.484375,9584165519
2019-03-08,3901.131591796875,10638638944
2019-03-09,3963.313720703125,10796103518
2019-03-10,3951.599853515625,9713267607
2019-03-11,3905.227294921875,10125901903
2019-03-12,3909.15625,9809887079
2019-03-13,3906.71728515625,9469184841
2019-03-14,3924.369140625,10480789570
2019-03-15,3960.9111328125,9394210605
2019-03-16,4048.725830078125,9856166973
2019-03-17,4025.22900390625,8221625400
2019-03-18,4032.50732421875,9646954186
2019-03-19,4071.190185546875,9344919956
2019-03-20,4087.476318359375,10175916388
2019-03-21,4029.326904296875,10831212662
2019-03-22,4023.96826171875,9252935969
2019-03-23,4035.826416015625,9578850549
2019-03-24,4022.168212890625,9144851065
2019-03-25,3963.070556640625,10359818883
2019-03-26,3985.080810546875,10707678815
2019-03-27,4087.066162109375,10897131934
2019-03-28,4069.107177734375,9353915899
2019-03-29,4098.37451171875,10918665557
2019-03-30,4106.66015625,9732688060
2019-03-31,4105.404296875,9045122443
2019-04-01,4158.18310546875,10157794171
2019-04-02,4879.8779296875,21315047816
2019-04-03,4973.02197265625,22899891582
2019-04-04,4922.798828125,18251810240
2019-04-05,5036.68115234375,16837325387
2019-04-06,5059.8173828125,16929795194
2019-04-07,5198.89697265625,16655416140
2019-04-08,5289.77099609375,17154113634
2019-04-09,5204.95849609375,14722104361
2019-04-10,5324.5517578125,15504590933
2019-04-11,5064.48779296875,16555616019
2019-04-12,5089.5390625,13675206312
2019-04-13,5096.58642578125,10823289598
2019-04-14,5167.72216796875,10391952498
2019-04-15,5067.1083984375,12290155061
2019-04-16,5235.5595703125,11618660197
2019-04-17,5251.93798828125,12438480677
2019-04-18,5298.3857421875,13256489918
2019-04-19,5303.8125,13780238655
2019-04-20,5337.88623046875,13169647522
2019-04-21,5314.53125,13731844223
2019-04-22,5399.365234375,14601631648
2019-04-23,5572.3623046875,15867308108
2019-04-24,5464.86669921875,17048033399
2019-04-25,5210.515625,15330283408
2019-04-26,5279.34814453125,16812108040
2019-04-27,5268.291015625,13111274675
2019-04-28,5285.13916015625,12819992056
2019-04-29,5247.3525390625,13735490672
2019-04-30,5350.7265625,13878964574
2019-05-01,5402.697265625,13679528236
2019-05-02,5505.28369140625,14644460907
2019-05-03,5768.28955078125,18720780006
2019-05-04,5831.16748046875,17567780766
2019-05-05,5795.70849609375,14808830723
2019-05-06,5746.80712890625,15737171804
2019-05-07,5829.50146484375,18026409033
2019-05-08,5982.45751953125,15320605300
2019-05-09,6174.52880859375,16784645411
2019-05-10,6378.84912109375,19419875368
2019-05-11,7204.771484375,28867562329
2019-05-12,6972.37158203125,27773333680
2019-05-13,7814.9150390625,28677672181
2019-05-14,7994.416015625,32031452227
2019-05-15,8205.16796875,28344112920
2019-05-16,7884.9091796875,33167197581
2019-05-17,7343.8955078125,30066644905
2019-05-18,7271.2080078125,21354286562
2019-05-19,8197.689453125,25902422040
2019-05-20,7978.30908203125,23843404340
2019-05-21,7963.32763671875,25127245056
2019-05-22,7680.06640625,24719473175
2019-05-23,7881.8466796875,24457107820
2019-05-24,7987.37158203125,25919126991
2019-05-25,8052.5439453125,22256813107
2019-05-26,8673.2158203125,26677970091
2019-05-27,8805.7783203125,27949839564
2019-05-28,8719.9619140625,24226919267
2019-05-29,8659.4873046875,23473479966
2019-05-30,8319.47265625,29246528551
2019-05-31,8574.501953125,25365190957
2019-06-01,8564.0166015625,22488303544
2019-06-02,8742.9580078125,20266216022
2019-06-03,8208.9951171875,22004511436
2019-06-04,7707.77099609375,24609731549
2019-06-05,7824.2314453125,21760923463
2019-06-06,7822.0234375,19474611077
2019-06-07,8043.951171875,19141423231
2019-06-08,7954.1279296875,16522722810
2019-06-09,7688.0771484375,16610726547
2019-06-10,8000.32958984375,18689275117
2019-06-11,7927.71435546875,17107279932
2019-06-12,8145.857421875,19034432883
2019-06-13,8230.923828125,18669407147
2019-06-14,8693.8330078125,19831162906
2019-06-15,8838.375,18371033226
2019-06-16,8994.48828125,23348550311
2019-06-17,9320.3525390625,15562951919
2019-06-18,9081.7626953125,15848210536
2019-06-19,9273.521484375,15546809946
2019-06-20,9527.16015625,17846823784
2019-06-21,10144.556640625,20624008643
2019-06-22,10701.69140625,29995204861
2019-06-23,10855.37109375,20998326502
2019-06-24,11011.1025390625,19271652365
2019-06-25,11790.9169921875,24879684533
2019-06-26,13016.2314453125,45105733173
2019-06-27,11182.806640625,39977475223
2019-06-28,12407.33203125,35087757766
2019-06-29,11959.37109375,29923961128
2019-06-30,10817.1552734375,27256473494
2019-07-01,10583.134765625,29378589324
2019-07-02,10801.677734375,31015895223
2019-07-03,11961.26953125,30796494294
2019-07-04,11215.4375,25920294033
2019-07-05,10978.4599609375,23838480210
2019-07-06,11208.55078125,21092024306
2019-07-07,11450.8466796875,19369044277
2019-07-08,12285.9580078125,23482551458
2019-07-09,12573.8125,28167921523
2019-07-10,12156.5126953125,33627574244
2019-07-11,11358.662109375,28595327690
2019-07-12,11815.986328125,23534692797
2019-07-13,11392.37890625,21042616384
2019-07-14,10256.05859375,22486000001
2019-07-15,10895.08984375,25384047207
2019-07-16,9477.6416015625,24151199070
2019-07-17,9693.802734375,24569921549
2019-07-18,10666.482421875,25187024648
2019-07-19,10530.732421875,20727426310
2019-07-20,10767.1396484375,20206615155
2019-07-21,10599.10546875,17130580467
2019-07-22,10343.1064453125,16334414913
2019-07-23,9900.767578125,17851916995
2019-07-24,9811.92578125,17398734322
2019-07-25,9911.841796875,15821952090
2019-07-26,9870.3037109375,14495714483
2019-07-27,9477.677734375,16817809536
2019-07-28,9552.8603515625,13738687093
2019-07-29,9519.1455078125,13791445323
2019-07-30,9607.423828125,13829811132
2019-07-31,10085.6279296875,16631520648
2019-08-01,10399.6689453125,17165337858
2019-08-02,10518.1748046875,17489094082
2019-08-03,10821.7265625,15352685061
2019-08-04,10970.1845703125,16530894787
2019-08-05,11805.6533203125,23875988832
2019-08-06,11478.1689453125,23635107660
2019-08-07,11941.96875,22194988641
2019-08-08,11966.4072265625,19481591730
2019-08-09,11862.9365234375,18339989960
2019-08-10,11354.0244140625,18125355447
2019-08-11,11523.5791015625,15774371518
2019-08-12,11382.6162109375,13647198229
2019-08-13,10895.830078125,16681503537
2019-08-14,10051.7041015625,19990838300
2019-08-15,10311.5458984375,22899115082
2019-08-16,10374.3388671875,20228207096
2019-08-17,10231.744140625,13778035685
2019-08-18,10345.810546875,12999813869
2019-08-19,10916.0537109375,16038264603
2019-08-20,10763.232421875,15053082175
2019-08-21,10138.0498046875,19473084768
2019-08-22,10131.0556640625,17097508856
2019-08-23,10407.96484375,15627023886
2019-08-24,10159.9609375,15451030650
2019-08-25,10138.517578125,14153856610
2019-08-26,10370.8203125,18438654080
2019-08-27,10185.5,14762609503
2019-08-28,9754.4228515625,17603790323
2019-08-29,9510.2001953125,17045878501
2019-08-30,9598.173828125,13595263986
2019-08-31,9630.6640625,11454806419
2019-09-01,9757.970703125,11445355859
2019-09-02,10346.7607421875,17248102294
2019-09-03,10623.5400390625,19384917989
2019-09-04,10594.4931640625,16742664769
2019-09-05,10575.533203125,14551239508
2019-09-06,10353.302734375,19536574783
2019-09-07,10517.2548828125,15307366476
2019-09-08,10441.2763671875,13670567493
2019-09-09,10334.974609375,17595943368
2019-09-10,10115.9755859375,14906809639
2019-09-11,10178.3720703125,15428063426
2019-09-12,10410.126953125,15323563925
2019-09-13,10360.546875,14109864675
2019-09-14,10358.048828125,13468713124
2019-09-15,10347.712890625,12043433567
2019-09-16,10276.7939453125,15160167779
2019-09-17,10241.2724609375,15304603363
2019-09-18,10198.248046875,16169268880
2019-09-19,10266.4150390625,19937691247
2019-09-20,10181.6416015625,14734189639
2019-09-21,10019.716796875,13425266806
2019-09-22,10070.392578125,13199651698
2019-09-23,9729.32421875,15144925408
2019-09-24,8620.56640625,25002886689
2019-09-25,8486.9931640625,21744728353
2019-09-26,8118.9677734375,19258205289
2019-09-27,8251.845703125,16408941156
2019-09-28,8245.9150390625,14141152736
2019-09-29,8104.185546875,13034629109
2019-09-30,8293.8681640625,17115474183
2019-10-01,8343.2763671875,15305343413
2019-10-02,8393.0419921875,13125712443
2019-10-03,8259.9921875,13668823409
2019-10-04,8205.939453125,13139456229
2019-10-05,8151.50048828125,12200497197
2019-10-06,7988.15576171875,13160830305
2019-10-07,8245.623046875,18009742607
2019-10-08,8228.783203125,15592264032
2019-10-09,8595.740234375,19384942333
2019-10-10,8586.4736328125,17618660671
2019-10-11,8321.7568359375,19604381101
2019-10-12,8336.5556640625,14532641605
2019-10-13,8321.005859375,13808286059
2019-10-14,8374.6865234375,15151387859
2019-10-15,8205.369140625,15220412632
2019-10-16,8047.52685546875,16071646996
2019-10-17,8103.9111328125,14313052244
2019-10-18,7973.20751953125,15651592610
2019-10-19,7988.560546875,13797825640
2019-10-20,8222.078125,15504249442
2019-10-21,8243.720703125,15868748866
2019-10-22,8078.203125,16803377857
2019-10-23,7514.671875,21942878958
2019-10-24,7493.48876953125,16268708849
2019-10-25,8660.7001953125,28705065488
2019-10-26,9244.97265625,44496255609
2019-10-27,9551.71484375,32593129501
2019-10-28,9256.1484375,30948255332
2019-10-29,9427.6875,28426779937
2019-10-30,9205.7265625,27706531577
2019-10-31,9199.5849609375,26583653947
2019-11-01,9261.1044921875,24324691031
2019-11-02,9324.7177734375,21242676385
2019-11-03,9235.3544921875,21132220847
2019-11-04,9412.6123046875,26170255634
2019-11-05,9342.52734375,26198609048
2019-11-06,9360.8798828125,23133895765
2019-11-07,9267.5615234375,22700383839
2019-11-08,8804.880859375,24333037836
2019-11-09,8813.58203125,17578630606
2019-11-10,9055.5263671875,20587919881
2019-11-11,8757.7880859375,20265510765
2019-11-12,8815.662109375,20309769107
2019-11-13,8808.2626953125,17545755405
2019-11-14,8708.0947265625,19084739975
2019-11-15,8491.9921875,21796856471
2019-11-16,8550.7607421875,16495389808
2019-11-17,8577.9755859375,18668638897
2019-11-18,8309.2861328125,21579470673
2019-11-19,8206.1455078125,21083613816
2019-11-20,8027.26806640625,20764300437
2019-11-21,7642.75,22514243371
2019-11-22,7296.57763671875,34242315785
2019-11-23,7397.796875,21008924418
2019-11-24,7047.9169921875,30433517289
2019-11-25,7146.1337890625,42685231262
2019-11-26,7218.37109375,21129505542
2019-11-27,7531.66357421875,23991412764
2019-11-28,7463.10595703125,19050116751
2019-11-29,7761.24365234375,19709695456
2019-11-30,7569.6298828125,17158194786
2019-12-01,7424.29248046875,18720708479
2019-12-02,7321.98828125,17082040706
2019-12-03,7320.1455078125,14797485769
2019-12-04,7252.03466796875,21664240918
2019-12-05,7448.3076171875,18816085231
2019-12-06,7546.99658203125,18104466307
2019-12-07,7556.23779296875,15453520564
2019-12-08,7564.34521484375,15409908086
2019-12-09,7400.8994140625,17872021272
2019-12-10,7278.11962890625,18249031195
2019-12-11,7217.42724609375,16350490689
2019-12-12,7243.13427734375,18927080224
2019-12-13,7269.6845703125,17125736940
2019-12-14,7124.673828125,17137029730
2019-12-15,7152.3017578125,16881129804
2019-12-16,6932.48046875,20213265950
2019-12-17,6640.51513671875,22363804217
2019-12-18,7276.802734375,31836522778
2019-12-19,7202.84423828125,25904604416
2019-12-20,7218.81640625,22633815180
2019-12-21,7191.15869140625,19312552168
2019-12-22,7511.5888671875,23134537956
2019-12-23,7355.62841796875,27831788041
2019-12-24,7322.5322265625,22991622105
2019-12-25,7275.15576171875,21559505149
2019-12-26,7238.966796875,22787010034
2019-12-27,7290.08837890625,22777360996
2019-12-28,7317.990234375,21365673026
2019-12-29,7422.65283203125,22445257702
2019-12-30,7292.9951171875,22874131672
2019-12-31,7193.59912109375,21167946112
2020-01-01,7200.17431640625,18565664997
2020-01-02,6985.47021484375,20802083465
2020-01-03,7344.88427734375,28111481032
2020-01-04,7410.65673828125,18444271275
2020-01-05,7411.3173828125,19725074095
2020-01-06,7769.21923828125,23276261598
2020-01-07,8163.6923828125,28767291327
2020-01-08,8079.86279296875,31672559265
2020-01-09,7879.0712890625,24045990466
2020-01-10,8166.55419921875,28714583844
2020-01-11,8037.53759765625,25521165085
2020-01-12,8192.494140625,22903438381
2020-01-13,8144.1943359375,22482910688
2020-01-14,8827.7646484375,44841784107
2020-01-15,8807.0107421875,40102834650
2020-01-16,8723.7861328125,31313981931
2020-01-17,8929.0380859375,36372139320
2020-01-18,8942.80859375,32337772627
2020-01-19,8706.2451171875,34217320471
2020-01-20,8657.642578125,26422375678
2020-01-21,8745.89453125,24097418512
2020-01-22,8680.8759765625,22600204051
2020-01-23,8406.515625,25770680779
2020-01-24,8445.4345703125,24397913026
2020-01-25,8367.84765625,19647331549
2020-01-26,8596.830078125,22177678796
2020-01-27,8909.8193359375,28647338393
2020-01-28,9358.58984375,34398744403
2020-01-29,9316.6298828125,30682598115
2020-01-30,9508.9931640625,32378792851
2020-01-31,9350.529296875,29432489719
2020-02-01,9392.875,25922656496
2020-02-02,9344.365234375,30835736946
2020-02-03,9293.521484375,30934096509
2020-02-04,9180.962890625,29893183716
2020-02-05,9613.423828125,35222060874
2020-02-06,9729.8017578125,37628823716
2020-02-07,9795.943359375,34522718159
2020-02-08,9865.119140625,35172043762
2020-02-09,10116.673828125,35807884663
2020-02-10,9856.611328125,39386548075
2020-02-11,10208.236328125,37648059389
2020-02-12,10326.0546875,43444303830
2020-02-13,10214.3798828125,49356071373
2020-02-14,10312.1162109375,43338264162
2020-02-15,9889.4248046875,43865054831
2020-02-16,9934.43359375,43374780305
2020-02-17,9690.142578125,45998298413
2020-02-18,10141.99609375,47271023953
2020-02-19,9633.38671875,46992019710
2020-02-20,9608.4755859375,44925260237
2020-02-21,9686.44140625,40930547513
2020-02-22,9663.181640625,35838025154
2020-02-23,9924.515625,41185185761
2020-02-24,9650.1748046875,45080496648
2020-02-25,9341.705078125,42515259129
2020-02-26,8820.5224609375,50420050762
2020-02-27,8784.494140625,45470195695
2020-02-28,8672.455078125,44605450443
2020-02-29,8599.5087890625,35792392544
2020-03-01,8562.4541015625,35349164300
2020-03-02,8869.669921875,42857674409
2020-03-03,8787.7861328125,42386715821
2020-03-04,8755.24609375,34746706368
2020-03-05,9078.7626953125,39698054597
2020-03-06,9122.5458984375,40826885651
2020-03-07,8909.9541015625,36216930370
2020-03-08,8108.1162109375,39973102121
2020-03-09,7923.64453125,46936995808
2020-03-10,7909.7294921875,42213940994
2020-03-11,7911.43017578125,38682762605
2020-03-12,4970.7880859375,53980357243
2020-03-13,5563.70703125,74156772075
2020-03-14,5200.3662109375,36154506008
2020-03-15,5392.31494140625,33997889639
2020-03-16,5014.47998046875,45368026430
2020-03-17,5225.62939453125,38622642935
2020-03-18,5238.4384765625,37878801016
2020-03-19,6191.19287109375,51000731797
2020-03-20,6198.7783203125,54442976103
2020-03-21,6185.06640625,42494390880
2020-03-22,5830.2548828125,40099664740
2020-03-23,6416.31494140625,46491916000
2020-03-24,6734.8037109375,48221910672
2020-03-25,6681.06298828125,44590107888
2020-03-26,6716.4404296875,35319797642
2020-03-27,6469.79833984375,34585598367
2020-03-28,6242.19384765625,34885225901
2020-03-29,5922.04296875,28373690931
2020-03-30,6429.841796875,37101651525
2020-03-31,6438.64453125,32786468812
2020-04-01,6606.7763671875,40346426266
2020-04-02,6793.62451171875,47660646124
2020-04-03,6733.38720703125,38976504903
2020-04-04,6867.52734375,33185988584
2020-04-05,6791.12939453125,29510409856
2020-04-06,7271.78125,46896904615
2020-04-07,7176.41455078125,44243482668
2020-04-08,7334.0986328125,37563249549
2020-04-09,7302.08935546875,34815139178
2020-04-10,6865.4931640625,43622840992
2020-04-11,6859.0830078125,31222085946
2020-04-12,6971.091796875,35759567632
2020-04-13,6845.03759765625,38619308647
2020-04-14,6842.427734375,34110434052
2020-04-15,6642.10986328125,32288311031
2020-04-16,7116.80419921875,46783242377
2020-04-17,7096.1845703125,32513423567
2020-04-18,7257.6650390625,32447188386
2020-04-19,7189.4248046875,31311210215
2020-04-20,6881.95849609375,37747113936
2020-04-21,6880.3232421875,32589741511
2020-04-22,7117.20751953125,33249153866
2020-04-23,7429.724609375,43500782316
2020-04-24,7550.90087890625,34636526286
2020-04-25,7569.93603515625,32941541447
2020-04-26,7679.8671875,33070154491
2020-04-27,7795.60107421875,36162144725
2020-04-28,7807.05859375,33187959921
2020-04-29,8801.0380859375,60201052203
2020-04-30,8658.5537109375,66964629541
2020-05-01,8864.7666015625,44068389997
2020-05-02,8988.5966796875,40134388683
2020-05-03,8897.46875,47101785174
2020-05-04,8912.654296875,45718796276
2020-05-05,9003.0703125,43148462663
2020-05-06,9268.76171875,49371886931
2020-05-07,9951.5185546875,61112700562
2020-05-08,9842.666015625,51780748042
2020-05-09,9593.896484375,46566121841
2020-05-10,8756.4306640625,63325279337
2020-05-11,8601.7958984375,57119858802
2020-05-12,8804.4775390625,42142717533
2020-05-13,9269.9873046875,45558144023
2020-05-14,9733.7216796875,56426907637
2020-05-15,9328.197265625,48158802327
2020-05-16,9377.013671875,36164766408
2020-05-17,9670.7392578125,40084250663
2020-05-18,9726.5751953125,41827139896
2020-05-19,9729.0380859375,39254288955
2020-05-20,9522.9814453125,36546239703
2020-05-21,9081.76171875,39326160532
2020-05-22,9182.5771484375,29810773699
2020-05-23,9209.287109375,27727866812
2020-05-24,8790.3681640625,32518803300
2020-05-25,8906.9345703125,31288157264
2020-05-26,8835.052734375,29584186947
2020-05-27,9181.017578125,32740536902
2020-05-28,9525.7509765625,34367073114
2020-05-29,9439.1240234375,32896642044
2020-05-30,9700.4140625,32722975141
2020-05-31,9461.05859375,27773290299
2020-06-01,10167.2685546875,35198901068
2020-06-02,9529.8037109375,39137252109
2020-06-03,9656.7177734375,25007459262
2020-06-04,9800.63671875,25921805072
2020-06-05,9665.533203125,23509628646
2020-06-06,9653.6796875,20438419222
2020-06-07,9758.8525390625,25015250846
2020-06-08,9771.4892578125,21486346312
2020-06-09,9795.7001953125,23717842783
2020-06-10,9870.0947265625,25706567601
2020-06-11,9321.78125,30247143440
2020-06-12,9480.84375,22610564515
2020-06-13,9475.27734375,17564322315
2020-06-14,9386.7880859375,18991732746
2020-06-15,9450.7021484375,26699704768
2020-06-16,9538.0244140625,21565537209
2020-06-17,9480.2548828125,20177709879
2020-06-18,9411.8408203125,17770083003
2020-06-19,9288.0185546875,19632223107
2020-06-20,9332.3408203125,17130541557
2020-06-21,9303.6298828125,15324301169
2020-06-22,9648.7177734375,21104009514
2020-06-23,9629.658203125,17006433272
2020-06-24,9313.6103515625,18961716076
2020-06-25,9264.8134765625,18616048626
2020-06-26,9162.91796875,18341465837
2020-06-27,9045.390625,17273093144
2020-06-28,9143.58203125,14560870760
2020-06-29,9190.8544921875,16460547078
2020-06-30,9137.9931640625,15735797744
2020-07-01,9228.3251953125,15971550355
2020-07-02,9123.41015625,16338916796
2020-07-03,9087.3037109375,13078970999
2020-07-04,9132.48828125,12290528515
2020-07-05,9073.9423828125,12903406143
2020-07-06,9375.474609375,17889263252
2020-07-07,9252.27734375,13839652595
2020-07-08,9428.3330078125,19702359883
2020-07-09,9277.9677734375,18000702524
2020-07-10,9278.8076171875,16860035605
2020-07-11,9240.3466796875,13249910444
2020-07-12,9276.5,14452361907
2020-07-13,9243.6142578125,17519821266
2020-07-14,9243.2138671875,18085038362
2020-07-15,9192.8369140625,15844731575
2020-07-16,9132.2275390625,15713967523
2020-07-17,9151.392578125,13944570749
2020-07-18,9159.0400390625,12252601475
2020-07-19,9185.8173828125,12939002784
2020-07-20,9164.2314453125,13755604146
2020-07-21,9374.8876953125,18069581956
2020-07-22,9525.36328125,16532254884
2020-07-23,9581.072265625,18146399002
2020-07-24,9536.892578125,16552768325
2020-07-25,9677.11328125,16610070933
2020-07-26,9905.1669921875,20507998997
2020-07-27,10990.873046875,35359749590
2020-07-28,10912.8232421875,28766551142
2020-07-29,11100.4677734375,24617249715
2020-07-30,11111.2138671875,22857247901
2020-07-31,11323.466796875,23160469766
2020-08-01,11759.5927734375,26075670303
2020-08-02,11053.6142578125,27410067336
2020-08-03,11246.3486328125,20271713443
2020-08-04,11205.892578125,21250197042
2020-08-05,11747.0224609375,24411254471
2020-08-06,11779.7734375,23400740340
2020-08-07,11601.47265625,23132312867
2020-08-08,11754.0458984375,17572057837
2020-08-09,11675.7392578125,17489608833
2020-08-10,11878.111328125,26114112569
2020-08-11,11410.525390625,27039782640
2020-08-12,11584.9345703125,25064548486
2020-08-13,11784.1376953125,27522199497
2020-08-14,11768.87109375,24237958589
2020-08-15,11865.6982421875,23354924400
2020-08-16,11892.8037109375,20583375490
2020-08-17,12254.40234375,28227687027
2020-08-18,11991.2333984375,26043227672
2020-08-19,11758.283203125,24502851117
2020-08-20,11878.3720703125,20175242945
2020-08-21,11592.4892578125,23762425999
2020-08-22,11681.8251953125,20224191306
2020-08-23,11664.84765625,18482062658
2020-08-24,11774.595703125,20681511755
2020-08-25,11366.134765625,26301509932
2020-08-26,11488.36328125,22466660958
2020-08-27,11323.3974609375,23240415076
2020-08-28,11542.5,19807127588
2020-08-29,11506.865234375,17485597759
2020-08-30,11711.505859375,19760127945
2020-08-31,11680.8203125,22285928250
2020-09-01,11970.478515625,27311555343
2020-09-02,11414.0341796875,28037405299
2020-09-03,10245.296875,31927261555
2020-09-04,10511.8134765625,29965130374
2020-09-05,10169.5673828125,44916565292
2020-09-06,10280.3515625,37071460174
2020-09-07,10369.5634765625,33703098409
2020-09-08,10131.5166015625,33430927462
2020-09-09,10242.34765625,24128292755
2020-09-10,10363.138671875,54406443211
2020-09-11,10400.9150390625,45201121775
2020-09-12,10442.1708984375,36750077324
2020-09-13,10323.755859375,36506852789
2020-09-14,10680.837890625,35453581940
2020-09-15,10796.951171875,32509451925
2020-09-16,10974.9052734375,30769986455
2020-09-17,10948.990234375,38151810523
2020-09-18,10944.5859375,26341903912
2020-09-19,11094.3466796875,22764204008
2020-09-20,10938.271484375,24699523788
2020-09-21,10462.259765625,28884999244
2020-09-22,10538.4599609375,23621787804
2020-09-23,10246.1865234375,23788661867
2020-09-24,10760.06640625,47144380902
2020-09-25,10692.716796875,39348590957
2020-09-26,10750.7236328125,46852525493
2020-09-27,10775.26953125,53745972818
2020-09-28,10709.65234375,47762394731
2020-09-29,10844.640625,46582396602
2020-09-30,10784.4912109375,44171073700
2020-10-01,10619.4521484375,40023134100
2020-10-02,10575.974609375,48661453918
2020-10-03,10549.3291015625,44660271563
2020-10-04,10669.5830078125,71251776995
2020-10-05,10793.33984375,47537578009
2020-10-06,10604.40625,42623695307
2020-10-07,10668.96875,37799458436
2020-10-08,10915.685546875,63314794397
2020-10-09,11064.4580078125,22799117613
2020-10-10,11296.361328125,22877978588
2020-10-11,11384.181640625,19968627060
2020-10-12,11555.36328125,26163972642
2020-10-13,11425.8994140625,24241420251
2020-10-14,11429.5068359375,24103426719
2020-10-15,11495.349609375,24487233058
2020-10-16,11322.123046875,25635480772
2020-10-17,11358.1015625,19130430174
2020-10-18,11483.359375,18283314340
2020-10-19,11742.037109375,23860769928
2020-10-20,11916.3349609375,30915821592
2020-10-21,12823.689453125,43414712626
2020-10-22,12965.8916015625,34729759598
2020-10-23,12931.5390625,28974975003
2020-10-24,13108.0625,24542317940
2020-10-25,13031.173828125,24406920575
2020-10-26,13075.248046875,29461458313
2020-10-27,13654.21875,33749878156
2020-10-28,13271.28515625,35867318895
2020-10-29,13437.8828125,56499499598
2020-10-30,13546.5224609375,30581485201
2020-10-31,13780.9951171875,30306464719
2020-11-01,13737.109375,24453857900
2020-11-02,13550.4892578125,30771455468
2020-11-03,13950.30078125,29869951617
2020-11-04,14133.70703125,35116364962
2020-11-05,15579.8486328125,40856321439
2020-11-06,15565.880859375,39837841971
2020-11-07,14833.75390625,35024953706
2020-11-08,15479.5673828125,26632075029
2020-11-09,15332.3154296875,34149115566
2020-11-10,15290.90234375,25574938143
2020-11-11,15701.33984375,29772374934
2020-11-12,16276.34375,34175758344
2020-11-13,16317.80859375,31599492172
2020-11-14,16068.138671875,27481710135
2020-11-15,15955.587890625,23653867583
2020-11-16,16716.111328125,31526766675
2020-11-17,17645.40625,39006849170
2020-11-18,17804.005859375,49064800278
2020-11-19,17817.08984375,36985055355
2020-11-20,18621.314453125,36992873940
2020-11-21,18642.232421875,39650210707
2020-11-22,18370.001953125,41280434226
2020-11-23,18364.12109375,42741112308
2020-11-24,19107.46484375,51469565009
2020-11-25,18732.12109375,43710357371
2020-11-26,17150.623046875,61396835737
2020-11-27,17108.40234375,38886494645
2020-11-28,17717.4140625,32601040734
2020-11-29,18177.484375,31133957704
2020-11-30,19625.8359375,47728480399
2020-12-01,18802.998046875,49633658712
2020-12-02,19201.091796875,37387697139
2020-12-03,19445.3984375,31930317405
2020-12-04,18699.765625,33872388058
2020-12-05,19154.23046875,27242455064
2020-12-06,19345.12109375,25293775714
2020-12-07,19191.630859375,26896357742
2020-12-08,18321.14453125,31692288756
2020-12-09,18553.916015625,34420373071
2020-12-10,18264.9921875,25547132265
2020-12-11,18058.904296875,27919640985
2020-12-12,18803.65625,21752580802
2020-12-13,19142.3828125,25450468637
2020-12-14,19246.64453125,22473997681
2020-12-15,19417.076171875,26741982541
2020-12-16,21310.59765625,44409011479
2020-12-17,22805.162109375,71378606374
2020-12-18,23137.9609375,40387896275
2020-12-19,23869.83203125,38487546580
2020-12-20,23477.294921875,37844228422
2020-12-21,22803.08203125,45852713981
2020-12-22,23783.029296875,44171632681
2020-12-23,23241.345703125,51146161904
2020-12-24,23735.94921875,41080759713
2020-12-25,24664.791015625,42068395846
2020-12-26,26437.037109375,48332647295
2020-12-27,26272.294921875,66479895605
2020-12-28,27084.80859375,49056742893
2020-12-29,27362.4375,45265946774
2020-12-30,28840.953125,51287442704
2020-12-31,29001.720703125,46754964848
2021-01-01,29374.15234375,40730301359
2021-01-02,32127.267578125,67865420765
2021-01-03,32782.0234375,78665235202
2021-01-04,31971.9140625,81163475344
2021-01-05,33992.4296875,67547324782
2021-01-06,36824.36328125,75289433811
2021-01-07,39371.04296875,84762141031
2021-01-08,40797.609375,88107519480
2021-01-09,40254.546875,61984162837
2021-01-10,38356.44140625,79980747690
2021-01-11,35566.65625,123320567399
2021-01-12,33922.9609375,74773277909
2021-01-13,37316.359375,69364315979
2021-01-14,39187.328125,63615990033
2021-01-15,36825.3671875,67760757881
2021-01-16,36178.140625,57706187875
2021-01-17,35791.27734375,52359854336
2021-01-18,36630.07421875,49511702429
2021-01-19,36069.8046875,57244195486
2021-01-20,35547.75,66834573161
2021-01-21,30825.69921875,75643067688
2021-01-22,33005.76171875,77207272511
2021-01-23,32067.642578125,48354737975
2021-01-24,32289.37890625,48643830599
2021-01-25,32366.392578125,59897054838
2021-01-26,32569.849609375,60255421470
2021-01-27,30432.546875,62576762015
2021-01-28,33466.09765625,76517157706
2021-01-29,34316.38671875,117894572511
2021-01-30,34269.5234375,65141828798
2021-01-31,33114.359375,52754542671
2021-02-01,33537.17578125,61400400660
2021-02-02,35510.2890625,63088585433
2021-02-03,37472.08984375,61166818159
2021-02-04,36926.06640625,68838074392
2021-02-05,38144.30859375,58598066402
2021-02-06,39266.01171875,71326033653
2021-02-07,38903.44140625,65500641143
2021-02-08,46196.46484375,101467222687
2021-02-09,46481.10546875,91809846886
2021-02-10,44918.18359375,87301089896
2021-02-11,47909.33203125,81388911810
2021-02-12,47504.8515625,76555041196
2021-02-13,47105.515625,70250456155
2021-02-14,48717.2890625,71248675228
2021-02-15,47945.05859375,77069903166
2021-02-16,49199.87109375,77049582886
2021-02-17,52149.0078125,80820545404
2021-02-18,51679.796875,52054723579
2021-02-19,55888.1328125,63495496918
2021-02-20,56099.51953125,68145460026
2021-02-21,57539.9453125,51897585191
2021-02-22,54207.3203125,92052420332
2021-02-23,48824.42578125,106102492824
2021-02-24,49705.33203125,63695521388
2021-02-25,47093.8515625,54506565949
2021-02-26,46339.76171875,350967941479
2021-02-27,46188.453125,45910946382
2021-02-28,45137.76953125,53443887451
2021-03-01,49631.2421875,53891300112
2021-03-02,48378.98828125,47530897720
2021-03-03,50538.2421875,53220811975
2021-03-04,48561.16796875,52343816680
2021-03-05,48927.3046875,48625928883
2021-03-06,48912.3828125,34363564661
2021-03-07,51206.69140625,43137459378
2021-03-08,52246.5234375,48597428048
2021-03-09,54824.1171875,50912227385
2021-03-10,56008.55078125,57295577614
2021-03-11,57805.12109375,56772343595
2021-03-12,57332.08984375,55689944702
2021-03-13,61243.0859375,60669829814
2021-03-14,59302.31640625,43901225564
2021-03-15,55907.19921875,66419369890
2021-03-16,56804.90234375,59749798599
2021-03-17,58870.89453125,60258313191
2021-03-18,57858.921875,55746041000
2021-03-19,58346.65234375,49063873786
2021-03-20,58313.64453125,50361731222
2021-03-21,57523.421875,51943414539
2021-03-22,54529.14453125,56521454974
2021-03-23,54738.9453125,56435023914
2021-03-24,52774.265625,70567223787
2021-03-25,51704.16015625,67999812841
2021-03-26,55137.3125,56652197978
2021-03-27,55973.51171875,47266542233
2021-03-28,55950.74609375,47686580918
2021-03-29,57750.19921875,57625587027
2021-03-30,58917.69140625,54414116432
2021-03-31,58918.83203125,65520826225
2021-04-01,59095.80859375,61669163792
2021-04-02,59384.3125,58727860620
2021-04-03,57603.890625,59641344484
2021-04-04,58758.5546875,50749662970
2021-04-05,59057.87890625,60706272115
2021-04-06,58192.359375,66058027988
2021-04-07,56048.9375,75645303584
2021-04-08,58323.953125,53053855641
2021-04-09,58245.00390625,46655208546
2021-04-10,59793.234375,58238470525
2021-04-11,60204.96484375,46280252580
2021-04-12,59893.453125,51828688519
2021-04-13,63503.45703125,69983454362
2021-04-14,63109.6953125,77451779687
2021-04-15,63314.01171875,60954381579
2021-04-16,61572.7890625,84293007468
2021-04-17,60683.8203125,66138759198
2021-04-18,56216.18359375,97468872758
2021-04-19,55724.265625,65344865159
2021-04-20,56473.03125,67849323955
2021-04-21,53906.08984375,54926612466
2021-04-22,51762.2734375,74798630778
2021-04-23,51093.65234375,86668667320
2021-04-24,50050.8671875,49014494781
2021-04-25,49004.25390625,46117114240
2021-04-26,54021.75390625,58284039825
2021-04-27,55033.1171875,49448222757
2021-04-28,54824.703125,48000572955
2021-04-29,53555.109375,46088929780
2021-04-30,57750.17578125,52395931985
2021-05-01,57828.05078125,42836427360
2021-05-02,56631.078125,38177405335
2021-05-03,57200.29296875,51713139031
2021-05-04,53333.5390625,68564706967
2021-05-05,57424.0078125,69241316747
2021-05-06,56396.515625,69523285106
2021-05-07,57356.40234375,68434023376
2021-05-08,58803.77734375,65382980634
2021-05-09,58232.31640625,65906690347
2021-05-10,55859.796875,71776546298
2021-05-11,56704.57421875,61308396325
2021-05-12,49150.53515625,75215403907
2021-05-13,49716.19140625,96721152926
2021-05-14,49880.53515625,55737497453
2021-05-15,46760.1875,59161047474
2021-05-16,46456.05859375,64047871555
2021-05-17,43537.51171875,74903638450
2021-05-18,42909.40234375,56187365084
2021-05-19,37002.44140625,126358098747
2021-05-20,40782.73828125,88281943359
2021-05-21,37304.69140625,82051616861
2021-05-22,37536.6328125,57377273240
2021-05-23,34770.58203125,78469274361
2021-05-24,38705.98046875,67359584098
2021-05-25,38402.22265625,56211915803
2021-05-26,39294.19921875,51346735160
2021-05-27,38436.96875,43210968721
2021-05-28,35697.60546875,55200191952
2021-05-29,34616.06640625,45231013335
2021-05-30,35678.12890625,31646080921
2021-05-31,37332.85546875,39009847639
2021-06-01,36684.92578125,34639423297
2021-06-02,37575.1796875,33070867190
2021-06-03,39208.765625,35460750427
2021-06-04,36894.40625,41831090187
2021-06-05,35551.95703125,35959473399
2021-06-06,35862.37890625,28913440585
2021-06-07,33560.70703125,33683936663
2021-06-08,33472.6328125,49902050442
2021-06-09,37345.12109375,53972919008
2021-06-10,36702.59765625,43576032854
2021-06-11,37334.3984375,38699736985
2021-06-12,35552.515625,37924228550
2021-06-13,39097.859375,40669112838
2021-06-14,40218.4765625,43148914673
2021-06-15,40406.26953125,46420149185
2021-06-16,38347.0625,39211635100
2021-06-17,38053.50390625,37096670047
2021-06-18,35787.24609375,36200887275
2021-06-19,35615.87109375,31207279719
2021-06-20,35698.296875,36664034054
2021-06-21,31676.693359375,52809038594
2021-06-22,32505.66015625,58964353058
2021-06-23,33723.02734375,46317108925
2021-06-24,34662.4375,33123368116
2021-06-25,31637.779296875,40230904226
2021-06-26,32186.27734375,38585385521
2021-06-27,34649.64453125,35511640894
2021-06-28,34434.3359375,33892523752
2021-06-29,35867.77734375,37901460044
2021-06-30,35040.8359375,34059036099
2021-07-01,33572.1171875,37838957079
2021-07-02,33897.046875,38728974942
2021-07-03,34668.546875,24383958643
2021-07-04,35287.78125,24924307911
2021-07-05,33746.00390625,26721554282
2021-07-06,34235.1953125,26501259870
2021-07-07,33855.328125,24796027477
2021-07-08,32877.37109375,29910396946
2021-07-09,33798.01171875,27436021028
2021-07-10,33520.51953125,22971873468
2021-07-11,34240.1875,20108729370
2021-07-12,33155.84765625,24321499537
2021-07-13,32702.025390625,19120856669
2021-07-14,32822.34765625,21376531210
2021-07-15,31780.73046875,21300524237
2021-07-16,31421.5390625,23699476918
2021-07-17,31533.068359375,18895018942
2021-07-18,31796.810546875,18787986667
2021-07-19,30817.83203125,20434789545
2021-07-20,29807.34765625,23148267245
2021-07-21,32110.693359375,28203024559
2021-07-22,32313.10546875,19555230518
2021-07-23,33581.55078125,22552046192
2021-07-24,34292.4453125,21664706865
2021-07-25,35350.1875,20856685287
2021-07-26,37337.53515625,51022126212
2021-07-27,39406.94140625,35097370560
2021-07-28,39995.90625,38702404695
2021-07-29,40008.421875,27167146027
2021-07-30,42235.546875,33072782960
2021-07-31,41626.1953125,25802845343
2021-08-01,39974.89453125,26688438115
2021-08-02,39201.9453125,25595265436
2021-08-03,38152.98046875,26189830450
2021-08-04,39747.50390625,25372562724
2021-08-05,40869.5546875,35185031017
2021-08-06,42816.5,38226483046
2021-08-07,44555.80078125,40030862141
2021-08-08,43798.1171875,36302664750
2021-08-09,46365.40234375,38734079049
2021-08-10,45585.03125,33546019517
2021-08-11,45593.63671875,34319709073
2021-08-12,44428.2890625,33723620826
2021-08-13,47793.3203125,31744259539
2021-08-14,47096.9453125,31211354442
2021-08-15,47047.00390625,30988958446
2021-08-16,46004.484375,32776876610
2021-08-17,44695.359375,33451362600
2021-08-18,44801.1875,32194123075
2021-08-19,46717.578125,37204312299
2021-08-20,49339.17578125,34706867452
2021-08-21,48905.4921875,40585205312
2021-08-22,49321.65234375,25370975378
2021-08-23,49546.1484375,34305053719
2021-08-24,47706.1171875,35361168834
2021-08-25,48960.7890625,32646349931
2021-08-26,46942.21875,32666549568
2021-08-27,49058.66796875,34511076995
2021-08-28,48902.40234375,28568103401
2021-08-29,48829.83203125,25889650240
2021-08-30,47054.984375,31847007016
2021-08-31,47166.6875,34730363427
2021-09-01,48847.02734375,39139399125
2021-09-02,49327.72265625,39508070319
2021-09-03,50025.375,43206179619
2021-09-04,49944.625,37471327794
2021-09-05,51753.41015625,30322676319
2021-09-06,52633.53515625,38884105426
2021-09-07,46811.12890625,65210059683
2021-09-08,46091.390625,49007762488
2021-09-09,46391.421875,38672657013
2021-09-10,44883.91015625,39154666597
2021-09-11,45201.45703125,34499835245
2021-09-12,46063.26953125,27881980161
2021-09-13,44963.07421875,40969943253
2021-09-14,47092.4921875,38652152880
2021-09-15,48176.34765625,30484496466
2021-09-16,47783.359375,31764293754
2021-09-17,47267.51953125,28727713711
2021-09-18,48278.36328125,28575630451
2021-09-19,47260.21875,26967722648
2021-09-20,42843.80078125,43909845642
2021-09-21,40693.67578125,48701090088
2021-09-22,43574.5078125,38139709246
2021-09-23,44895.09765625,34244064430
2021-09-24,42839.75,42839345714
2021-09-25,42716.59375,31604717236
2021-09-26,43208.5390625,30661222077
2021-09-27,42235.73046875,30980029059
2021-09-28,41034.54296875,30214940550
2021-09-29,41564.36328125,30602359905
2021-09-30,43790.89453125,31141681925
2021-10-01,48116.94140625,42850641582
2021-10-02,47711.48828125,30614346492
2021-10-03,48199.953125,26638115879
2021-10-04,49112.90234375,33383173002
2021-10-05,51514.8125,35873904236
2021-10-06,55361.44921875,49034730168
2021-10-07,53805.984375,36807860413
2021-10-08,53967.84765625,34800873924
2021-10-09,54968.22265625,32491211414
2021-10-10,54771.578125,39527792364
2021-10-11,57484.7890625,42637331698
2021-10-12,56041.05859375,41083758949
2021-10-13,57401.09765625,41684252783
2021-10-14,57321.5234375,36615791366
2021-10-15,61593.94921875,51780081801
2021-10-16,60892.1796875,34250964237
2021-10-17,61553.6171875,29032367511
2021-10-18,62026.078125,38055562075
2021-10-19,64261.9921875,40471196346
2021-10-20,65992.8359375,40788955582
2021-10-21,62210.171875,45908121370
2021-10-22,60692.265625,38434082775
2021-10-23,61393.6171875,26882546034
2021-10-24,60930.8359375,27316183882
2021-10-25,63039.82421875,31064911614
2021-10-26,60363.79296875,34878965587
2021-10-27,58482.38671875,43657076893
2021-10-28,60622.13671875,45257083247
2021-10-29,62227.96484375,36856881767
2021-10-30,61888.83203125,32157938616
2021-10-31,61318.95703125,32241199927
2021-11-01,61004.40625,36150572843
2021-11-02,63226.40234375,37746665647
2021-11-03,62970.046875,36124731509
2021-11-04,61452.23046875,32615846901
2021-11-05,61125.67578125,30605102446
2021-11-06,61527.48046875,29094934221
2021-11-07,63326.98828125,24726754302
2021-11-08,67566.828125,41125608330
2021-11-09,66971.828125,42357991721
2021-11-10,64995.23046875,48730828378
2021-11-11,64949.9609375,35880633236
2021-11-12,64155.94140625,36084893887
2021-11-13,64469.52734375,30474228777
2021-11-14,65466.83984375,25122092191
2021-11-15,63557.87109375,30558763548
2021-11-16,60161.24609375,46844335592
2021-11-17,60368.01171875,39178392930
2021-11-18,56942.13671875,41388338699
2021-11-19,58119.578125,38702407772
2021-11-20,59697.1953125,30624264863
2021-11-21,58730.4765625,26123447605
2021-11-22,56289.2890625,35036121783
2021-11-23,57569.07421875,37485803899
2021-11-24,56280.42578125,36635566789
2021-11-25,57274.6796875,34284016248
2021-11-26,53569.765625,41810748221
2021-11-27,54815.078125,30560857714
2021-11-28,57248.45703125,28116886357
2021-11-29,57806.56640625,32370840356
2021-11-30,57005.42578125,36708594618
2021-12-01,57229.828125,36858195307
2021-12-02,56477.81640625,32379968686
2021-12-03,53598.24609375,39789134215
2021-12-04,49200.703125,61385677469
2021-12-05,49368.84765625,37198201161
2021-12-06,50582.625,37707308001
2021-12-07,50700.0859375,33676814852
2021-12-08,50504.796875,28479699446
2021-12-09,47672.12109375,29603577251
2021-12-10,47243.3046875,30966005122
2021-12-11,49362.5078125,25775869261
2021-12-12,50098.3359375,21939223599
2021-12-13,46737.48046875,32166727776
2021-12-14,46612.6328125,34638619079
2021-12-15,48896.72265625,36541828520
2021-12-16,47665.42578125,27268150947
2021-12-17,46202.14453125,32902725329
2021-12-18,46848.77734375,26098292690
2021-12-19,46707.015625,25154053861
2021-12-20,46880.27734375,30961902129
2021-12-21,48936.61328125,27055803928
2021-12-22,48628.51171875,24447979559
2021-12-23,50784.5390625,28223878108
2021-12-24,50822.1953125,24367912228
2021-12-25,50429.859375,19030650914
2021-12-26,50809.515625,20964372926
2021-12-27,50640.41796875,24324345758
2021-12-28,47588.85546875,33430376883
2021-12-29,46444.7109375,30049226299
2021-12-30,47178.125,26686491018
2021-12-31,46306.4453125,36974172400
2022-01-01,47686.8125,24582667004
2022-01-02,47345.21875,27951569547
2022-01-03,46458.1171875,33071628362
2022-01-04,45897.57421875,42494677905
2022-01-05,43569.00390625,36851084859
2022-01-06,43160.9296875,30208048289
2022-01-07,41557.90234375,84196607520
2022-01-08,41733.94140625,28066355845
2022-01-09,41911.6015625,21294384372
2022-01-10,41821.26171875,32104232331
2022-01-11,42735.85546875,26327648900
2022-01-12,43949.1015625,33499938689
2022-01-13,42591.5703125,47691135082
2022-01-14,43099.69921875,23577403399
2022-01-15,43177.3984375,18371348298
2022-01-16,43113.87890625,17902097845
2022-01-17,42250.55078125,21690904261
2022-01-18,42375.6328125,22417209227
2022-01-19,41744.328125,23091543258
2022-01-20,40680.41796875,20382033940
2022-01-21,36457.31640625,43011992031
2022-01-22,35030.25,39714385405
2022-01-23,36276.8046875,26017975951
2022-01-24,36654.328125,41856658597
2022-01-25,36954.00390625,26428189594
2022-01-26,36852.12109375,31324598034
2022-01-27,37138.234375,25041426629
2022-01-28,37784.33203125,22238830523
2022-01-29,38138.1796875,17194183075
2022-01-30,37917.6015625,14643548444
2022-01-31,38483.125,20734730465
2022-02-01,38743.2734375,20288500328
2022-02-02,36952.984375,19155189416
2022-02-03,37154.6015625,18591534769
2022-02-04,41500.875,29412210792
2022-02-05,41441.1640625,19652846215
2022-02-06,42412.43359375,16142097334
2022-02-07,43840.28515625,28641855926
2022-02-08,44118.4453125,33079398868
2022-02-09,44338.796875,23245887300
2022-02-10,43565.11328125,32142048537
2022-02-11,42407.9375,26954925781
2022-02-12,42244.46875,18152390304
2022-02-13,42197.515625,14741589015
2022-02-14,42586.91796875,20827783012
2022-02-15,44575.203125,22721659051
2022-02-16,43961.859375,19792547657
2022-02-17,40538.01171875,26246662813
2022-02-18,40030.9765625,23310007704
2022-02-19,40122.15625,13736557863
2022-02-20,38431.37890625,18340576452
2022-02-21,37075.28125,29280402798
2022-02-22,38286.02734375,25493150450
2022-02-23,37296.5703125,21849073843
2022-02-24,38332.609375,46383802093
2022-02-25,39214.21875,26545599159
2022-02-26,39105.1484375,17467554129
2022-02-27,37709.78515625,23450127612
2022-02-28,43193.234375,35690014104
2022-03-01,44354.63671875,32479047645
2022-03-02,43924.1171875,29183112630
2022-03-03,42451.7890625,24967782593
2022-03-04,39137.60546875,28516271427
2022-03-05,39400.5859375,16975917450
2022-03-06,38419.984375,19745229902
2022-03-07,38062.0390625,28546143503
2022-03-08,38737.26953125,25776583476
2022-03-09,41982.92578125,32284121034
2022-03-10,39437.4609375,31078064711
2022-03-11,38794.97265625,26364890465
2022-03-12,38904.01171875,14616450657
2022-03-13,37849.6640625,17300745310
2022-03-14,39666.75390625,24322159070
2022-03-15,39338.78515625,23934000868
2022-03-16,41143.9296875,39616916192
2022-03-17,40951.37890625,22009601093
2022-03-18,41801.15625,34421564942
2022-03-19,42190.65234375,19664853187
2022-03-20,41247.82421875,20127946682
2022-03-21,41077.99609375,24615543271
2022-03-22,42358.80859375,32004652376
2022-03-23,42892.95703125,25242943069
2022-03-24,43960.93359375,31042992291
2022-03-25,44348.73046875,30574413034
2022-03-26,44500.828125,16950455995
2022-03-27,46820.4921875,28160889722
2022-03-28,47128.00390625,36362175703
2022-03-29,47465.73046875,31397059069
2022-03-30,47062.6640625,29333883962
2022-03-31,45538.67578125,33327427106
2022-04-01,46281.64453125,38162644287
2022-04-02,45868.94921875,29336594194
2022-04-03,46453.56640625,25414397610
2022-04-04,46622.67578125,32499785455
2022-04-05,45555.9921875,29640604055
2022-04-06,43206.73828125,39393395788
2022-04-07,43503.84765625,26101973106
2022-04-08,42287.6640625,27215995394
2022-04-09,42782.13671875,16050772496
2022-04-10,42207.671875,17654475582
2022-04-11,39521.90234375,33949912166
2022-04-12,40127.18359375,30991500854
2022-04-13,41166.73046875,27691105228
2022-04-14,39935.515625,24342001973
2022-04-15,40553.46484375,21756855753
2022-04-16,40424.484375,16833150693
2022-04-17,39716.953125,19087633042
2022-04-18,40826.21484375,33705182072
2022-04-19,41502.75,25303206547
2022-04-20,41374.37890625,27819532341
2022-04-21,40527.36328125,35372786395
2022-04-22,39740.3203125,28011716745
2022-04-23,39486.73046875,16138021249
2022-04-24,39469.29296875,17964398167
2022-04-25,40458.30859375,35445730570
2022-04-26,38117.4609375,34569088416
2022-04-27,39241.12109375,30981015184
2022-04-28,39773.828125,33903704907
2022-04-29,38609.82421875,30882994649
2022-04-30,37714.875,23895713731
2022-05-01,38469.09375,27002760110
2022-05-02,38529.328125,32922642426
2022-05-03,37750.453125,27326943244
2022-05-04,39698.37109375,36754404490
2022-05-05,36575.140625,43106256317
2022-05-06,36040.921875,37795577489
2022-05-07,35501.953125,24375896406
2022-05-08,34059.265625,36763041910
2022-05-09,30296.953125,63355494961
2022-05-10,31022.90625,59811038817
2022-05-11,28936.35546875,70388855818
2022-05-12,29047.751953125,66989173272
2022-05-13,29283.103515625,42841124537
2022-05-14,30101.265625,28579868620
2022-05-15,31305.11328125,25835372065
2022-05-16,29862.91796875,32613897286
2022-05-17,30425.857421875,29101473475
2022-05-18,28720.271484375,31285268319
2022-05-19,30314.333984375,33773447707
2022-05-20,29200.740234375,30749382605
2022-05-21,29432.2265625,17274840442
2022-05-22,30323.72265625,21631532270
2022-05-23,29098.91015625,31483454557
2022-05-24,29655.5859375,26616506245
2022-05-25,29562.361328125,27525063551
2022-05-26,29267.224609375,36774325352
2022-05-27,28627.57421875,36582005748
2022-05-28,28814.900390625,35519577634
2022-05-29,29445.95703125,18093886409
2022-05-30,31726.390625,39277993274
2022-05-31,31792.310546875,33538210634
2022-06-01,29799.080078125,41135817341
2022-06-02,30467.48828125,29083562061
2022-06-03,29704.390625,26175547452
2022-06-04,29832.9140625,16588370958
2022-06-05,29906.662109375,17264085441
2022-06-06,31370.671875,31947336829
2022-06-07,31155.478515625,40770974039
2022-06-08,30214.35546875,30242059107
2022-06-09,30111.998046875,21692004719
2022-06-10,29083.8046875,29867476527
2022-06-11,28360.810546875,27246574439
2022-06-12,26762.6484375,34163220274
2022-06-13,22487.388671875,68204556440
2022-06-14,22206.79296875,50913575242
2022-06-15,22572.83984375,54912007015
2022-06-16,20381.650390625,31183975654
2022-06-17,20471.482421875,27132421514
2022-06-18,19017.642578125,42009436760
2022-06-19,20553.271484375,35329942625
2022-06-20,20599.537109375,30818458597
2022-06-21,20710.59765625,28970212744
2022-06-22,19987.029296875,28574793478
2022-06-23,21085.876953125,26188097173
2022-06-24,21231.65625,24957784918
2022-06-25,21502.337890625,18372538715
2022-06-26,21027.294921875,18027170497
2022-06-27,20735.478515625,20965695707
2022-06-28,20280.634765625,21381535161
2022-06-29,20104.0234375,23552740328
2022-06-30,19784.7265625,26267239923
2022-07-01,19269.3671875,30767551159
2022-07-02,19242.255859375,18100418740
2022-07-03,19297.076171875,16390821947
2022-07-04,20231.26171875,21594638208
2022-07-05,20190.115234375,26715546990
2022-07-06,20548.24609375,24598943708
2022-07-07,21637.587890625,25814972520
2022-07-08,21731.1171875,49899834488
2022-07-09,21592.20703125,29641127858
2022-07-10,20860.44921875,28688807249
2022-07-11,19970.556640625,24150249025
2022-07-12,19323.9140625,25810220018
2022-07-13,20212.07421875,33042430345
2022-07-14,20569.919921875,31158743333
2022-07-15,20836.328125,25905575359
2022-07-16,21190.31640625,24302954056
2022-07-17,20779.34375,22927802083
2022-07-18,22485.689453125,39974475562
2022-07-19,23389.43359375,48765202697
2022-07-20,23231.732421875,42932549127
2022-07-21,23164.62890625,33631012204
2022-07-22,22714.978515625,31421555646
2022-07-23,22465.478515625,24021799169
2022-07-24,22609.1640625,23565495303
2022-07-25,21361.701171875,35574561406
2022-07-26,21239.75390625,28624673855
2022-07-27,22930.548828125,31758955233
2022-07-28,23843.88671875,40212386158
2022-07-29,23804.6328125,35887249746
2022-07-30,23656.20703125,28148218301
2022-07-31,23336.896484375,23553591896
2022-08-01,23314.19921875,25849159141
2022-08-02,22978.1171875,28389250717
2022-08-03,22846.5078125,26288169966
2022-08-04,22630.95703125,25120229769
2022-08-05,23289.314453125,28881249043
2022-08-06,22961.279296875,15978259885
2022-08-07,23175.890625,15886817043
2022-08-08,23809.486328125,28575544847
2022-08-09,23164.318359375,23555719219
2022-08-10,23947.642578125,32837431722
2022-08-11,23957.529296875,37127036580
2022-08-12,24402.818359375,27265804688
2022-08-13,24424.068359375,22987346289
2022-08-14,24319.333984375,22994133555
2022-08-15,24136.97265625,35123501685
2022-08-16,23883.291015625,27753685646
2022-08-17,23335.998046875,30931623076
2022-08-18,23212.73828125,23747613147
2022-08-19,20877.552734375,40509610260
2022-08-20,21166.060546875,27595671000
2022-08-21,21534.12109375,23102307723
2022-08-22,21398.908203125,31666498758
2022-08-23,21528.087890625,31878280659
2022-08-24,21395.01953125,31962253368
2022-08-25,21600.904296875,31028679593
2022-08-26,20260.01953125,42326789564
2022-08-27,20041.73828125,30116729776
2022-08-28,19616.814453125,24366810591
2022-08-29,20297.994140625,32637854078
2022-08-30,19796.80859375,34483360283
2022-08-31,20049.763671875,33225232872
2022-09-01,20127.140625,30182031010
2022-09-02,19969.771484375,29123998928
2022-09-03,19832.087890625,23613051457
2022-09-04,19986.712890625,25245861652
2022-09-05,19812.37109375,28813460025
2022-09-06,18837.66796875,43403978910
2022-09-07,19290.32421875,35239757134
2022-09-08,19329.833984375,32194477850
2022-09-09,21381.15234375,48469528171
2022-09-10,21680.5390625,36913738894
2022-09-11,21769.255859375,34493951963
2022-09-12,22370.44921875,50212088965
2022-09-13,20296.70703125,51091116622
2022-09-14,20241.08984375,37872380889
2022-09-15,19701.2109375,36389011503
2022-09-16,19772.583984375,30123362273
2022-09-17,20127.576171875,24957448100
2022-09-18,19419.505859375,31254779144
2022-09-19,19544.12890625,40177002624
2022-09-20,18890.7890625,36791346508
2022-09-21,18547.400390625,46363793975
2022-09-22,19413.55078125,41135767926
2022-09-23,19297.638671875,38896078052
2022-09-24,18937.01171875,26149643168
2022-09-25,18802.09765625,23359966112
2022-09-26,19222.671875,44148798321
2022-09-27,19110.546875,58571439619
2022-09-28,19426.720703125,53071298734
2022-09-29,19573.05078125,41037843771
2022-09-30,19431.7890625,43975248085
2022-10-01,19312.095703125,18719537670
2022-10-02,19044.107421875,20765955327
2022-10-03,19623.580078125,30484729489
2022-10-04,20336.84375,35887278685
2022-10-05,20160.716796875,33223790572
2022-10-06,19955.443359375,34711412966
2022-10-07,19546.849609375,29227315390
2022-10-08,19416.568359375,16437423167
2022-10-09,19446.42578125,16837262532
2022-10-10,19141.484375,27425022774
2022-10-11,19051.41796875,28711532910
2022-10-12,19157.4453125,24950173846
2022-10-13,19382.904296875,44219840004
2022-10-14,19185.65625,38452356727
2022-10-15,19067.634765625,16192235532
2022-10-16,19268.09375,17988916650
2022-10-17,19550.7578125,27472552998
2022-10-18,19334.416015625,30580012344
2022-10-19,19139.53515625,22425387184
2022-10-20,19053.740234375,24493974420
2022-10-21,19172.46875,32459287866
2022-10-22,19208.189453125,16104440957
2022-10-23,19567.0078125,22128794335
2022-10-24,19345.572265625,30202235805
2022-10-25,20095.857421875,47761524910
2022-10-26,20770.44140625,58895950537
2022-10-27,20285.8359375,49625110402
2022-10-28,20595.3515625,43994715910
2022-10-29,20818.4765625,40369840645
2022-10-30,20635.603515625,31486345556
2022-10-31,20495.7734375,45668466815
2022-11-01,20485.2734375,39819303159
2022-11-02,20159.50390625,55552169483
2022-11-03,20209.98828125,43228750179
2022-11-04,21147.23046875,64072727950
2022-11-05,21282.69140625,37846047609
2022-11-06,20926.486328125,35082693210
2022-11-07,20602.81640625,53510852236
2022-11-08,18541.271484375,118992465607
2022-11-09,15880.7802734375,102905151606
2022-11-10,17586.771484375,83202283721
2022-11-11,17034.29296875,55871616488
2022-11-12,16799.185546875,29717699419
2022-11-13,16353.365234375,27209183682
2022-11-14,16618.19921875,49630243054
2022-11-15,16884.61328125,36599436183
2022-11-16,16669.439453125,33925512989
2022-11-17,16687.517578125,27868914022
2022-11-18,16697.77734375,26862218609
2022-11-19,16711.546875,16106223492
2022-11-20,16291.83203125,21313378652
2022-11-21,15787.2841796875,37429485518
2022-11-22,16189.76953125,30726828760
2022-11-23,16610.70703125,32958875628
2022-11-24,16604.46484375,26129037414
2022-11-25,16521.841796875,18678255976
2022-11-26,16464.28125,18000008764
2022-11-27,16444.626953125,20443898509
2022-11-28,16217.322265625,27743025156
2022-11-29,16444.982421875,23581685468
2022-11-30,17168.56640625,29523576583
2022-12-01,16967.1328125,22895392882
2022-12-02,17088.66015625,19539705127
2022-12-03,16908.236328125,16217776704
2022-12-04,17130.486328125,16824520830
2022-12-05,16974.826171875,22209086834
2022-12-06,17089.50390625,19889922369
2022-12-07,16848.126953125,19675404389
2022-12-08,17233.474609375,20496603770
2022-12-09,17133.15234375,20328426366
2022-12-10,17128.724609375,12706781969
2022-12-11,17104.193359375,14122486832
2022-12-12,17206.4375,19617581341
2022-12-13,17781.318359375,26634741631
2022-12-14,17815.650390625,25534481470
2022-12-15,17364.865234375,20964448341
2022-12-16,16647.484375,24031608960
2022-12-17,16795.091796875,14463581825
2022-12-18,16757.9765625,10924354698
2022-12-19,16439.6796875,17221074814
2022-12-20,16906.3046875,22722096615
2022-12-21,16817.53515625,14882945045
2022-12-22,16830.341796875,16441573050
2022-12-23,16796.953125,15329265213
2022-12-24,16847.755859375,9744636213
2022-12-25,16841.986328125,11656379938
2022-12-26,16919.8046875,11886957804
2022-12-27,16717.173828125,15748580239
2022-12-28,16552.572265625,17005713920
2022-12-29,16642.341796875,14472237479
2022-12-30,16602.5859375,15929162910
2022-12-31,16547.49609375,11239186456
2023-01-01,16625.080078125,9244361700
2023-01-02,16688.470703125,12097775227
2023-01-03,16679.857421875,13903079207
2023-01-04,16863.23828125,18421743322
2023-01-05,16836.736328125,13692758566
2023-01-06,16951.96875,14413662913
2023-01-07,16955.078125,7714767174
2023-01-08,17091.14453125,9768827914
2023-01-09,17196.5546875,18624736866
2023-01-10,17446.29296875,15808338949
2023-01-11,17934.896484375,18372283782
2023-01-12,18869.587890625,34971338710
2023-01-13,19909.57421875,29225029694
2023-01-14,20976.298828125,38967784639
2023-01-15,20880.798828125,19298407543
2023-01-16,21169.6328125,26792494050
2023-01-17,21161.51953125,24999983362
2023-01-18,20688.78125,30005625418
2023-01-19,21086.79296875,21152848261
2023-01-20,22676.552734375,28799154319
2023-01-21,22777.625,32442278429
2023-01-22,22720.416015625,24746386230
2023-01-23,22934.431640625,26518700512
2023-01-24,22636.46875,26405069715
2023-01-25,23117.859375,30685366709
2023-01-26,23032.77734375,26357839322
2023-01-27,23078.728515625,25383335641
2023-01-28,23031.08984375,14712928379
2023-01-29,23774.56640625,27423687259
2023-01-30,22840.138671875,27205595568
2023-01-31,23139.283203125,22837828665
2023-02-01,23723.76953125,26683255504
2023-02-02,23471.87109375,32066936882
2023-02-03,23449.322265625,27083066007
2023-02-04,23331.84765625,15639298538
2023-02-05,22955.666015625,19564262605
2023-02-06,22760.109375,23825006542
2023-02-07,23264.291015625,27187964471
2023-02-08,22939.3984375,25371367758
2023-02-09,21819.0390625,32572572185
2023-02-10,21651.18359375,27078406594
2023-02-11,21870.875,16356226232
2023-02-12,21788.203125,17821046406
2023-02-13,21808.1015625,23918742607
2023-02-14,22220.8046875,26792596581
2023-02-15,24307.841796875,32483312909
2023-02-16,23623.474609375,39316664596
2023-02-17,24565.6015625,41358451255
2023-02-18,24641.27734375,19625427158
2023-02-19,24327.642578125,25555105670
2023-02-20,24829.1484375,28987376573
2023-02-21,24436.353515625,31252098714
2023-02-22,24188.84375,30199996781
2023-02-23,23947.4921875,30476264066
2023-02-24,23198.126953125,26811744928
2023-02-25,23175.375,16100721565
2023-02-26,23561.212890625,16644534842
2023-02-27,23522.87109375,22660763494
2023-02-28,23147.353515625,20535363434
2023-03-01,23646.55078125,24662841200
2023-03-02,23475.466796875,20386398516
2023-03-03,22362.6796875,26062404610
2023-03-04,22353.349609375,11166012913
2023-03-05,22435.513671875,13317001733
2023-03-06,22429.7578125,17353192895
2023-03-07,22219.76953125,22765452204
2023-03-08,21718.080078125,22536575684
2023-03-09,20363.021484375,30364664171
2023-03-10,20187.244140625,39578257695
2023-03-11,20632.41015625,30180288176
2023-03-12,22163.94921875,29279035521
2023-03-13,24197.533203125,49466362688
2023-03-14,24746.07421875,54622230164
2023-03-15,24375.9609375,43655701450
2023-03-16,25052.7890625,33866061747
2023-03-17,27423.9296875,50730261335
2023-03-18,26965.87890625,35723036817
2023-03-19,28038.67578125,37769448859
2023-03-20,27767.236328125,44774027664
2023-03-21,28175.81640625,36102192830
2023-03-22,27307.4375,33382021890
2023-03-23,28333.97265625,24220433689
2023-03-24,27493.28515625,25980310960
2023-03-25,27494.70703125,13383005987
2023-03-26,27994.330078125,13878363192
2023-03-27,27139.888671875,18188895178
2023-03-28,27268.130859375,17783600385
2023-03-29,28348.44140625,20684945906
2023-03-30,28033.5625,22435349951
2023-03-31,28478.484375,19001327598
2023-04-01,28411.03515625,10876469901
2023-04-02,28199.30859375,12284641999
2023-04-03,27790.220703125,19556501327
2023-04-04,28168.08984375,15284538859
2023-04-05,28177.984375,17052315986
2023-04-06,28044.140625,13837809380
2023-04-07,27925.859375,10861680497
2023-04-08,27947.794921875,9373255556
2023-04-09,28333.05078125,12175322951
2023-04-10,29652.98046875,19282400094
2023-04-11,30235.05859375,20121259843
2023-04-12,30139.052734375,18651929926
2023-04-13,30399.06640625,17487721001
2023-04-14,30485.69921875,22659995079
2023-04-15,30318.49609375,11940685378
2023-04-16,30315.35546875,12854816417
2023-04-17,29445.044921875,17872186762
2023-04-18,30397.552734375,19480529496
2023-04-19,28822.6796875,24571565421
2023-04-20,28245.98828125,21340360360
2023-04-21,27276.91015625,20759504330
2023-04-22,27817.5,13125734602
2023-04-23,27591.384765625,12785446832
2023-04-24,27525.33984375,17703288330
2023-04-25,28307.59765625,17733373139
2023-04-26,28422.701171875,31854242019
2023-04-27,29473.787109375,27153445027
2023-04-28,29340.26171875,17544464887
2023-04-29,29248.48828125,10662634333
2023-04-30,29268.806640625,14652199272
2023-05-01,28091.568359375,18655599976
2023-05-02,28680.537109375,16432924527
2023-05-03,29006.30859375,19122972518
2023-05-04,28847.7109375,15548678514
2023-05-05,29534.384765625,17936566518
2023-05-06,28904.623046875,15913866714
2023-05-07,28454.978515625,11301355486
2023-05-08,27694.2734375,19122903752
2023-05-09,27658.775390625,14128593256
2023-05-10,27621.755859375,20656025026
2023-05-11,27000.7890625,16724343943
2023-05-12,26804.990234375,19313599897
2023-05-13,26784.078125,9999171605
2023-05-14,26930.638671875,10014858959
2023-05-15,27192.693359375,14413231792
2023-05-16,27036.650390625,12732238816
2023-05-17,27398.802734375,15140006925
2023-05-18,26832.208984375,15222938600
2023-05-19,26890.12890625,11258983301
2023-05-20,27129.5859375,7044911360
2023-05-21,26753.826171875,8647416921
2023-05-22,26851.27734375,11056770492
2023-05-23,27225.7265625,13697203143
2023-05-24,26334.818359375,16299104428
2023-05-25,26476.20703125,13851122697
2023-05-26,26719.291015625,12711619225
2023-05-27,26868.353515625,7892015141
2023-05-28,28085.646484375,14545229578
2023-05-29,27745.884765625,15181308984
2023-05-30,27702.349609375,13251081851
2023-05-31,27219.658203125,15656371534
2023-06-01,26819.97265625,14678970415
2023-06-02,27249.58984375,14837415000
2023-06-03,27075.12890625,8385597470
2023-06-04,27119.06640625,9360912318
2023-06-05,25760.09765625,21513292646
2023-06-06,27238.783203125,21929670693
2023-06-07,26345.998046875,19530045082
2023-06-08,26508.216796875,11904824295
2023-06-09,26480.375,11015551640
2023-06-10,25851.240234375,19872933189
2023-06-11,25940.16796875,10732609603
2023-06-12,25902.5,11677889997
2023-06-13,25918.728515625,14143474486
2023-06-14,25124.67578125,14265717766
2023-06-15,25576.39453125,15837384409
2023-06-16,26327.462890625,16324646965
2023-06-17,26510.67578125,11090276850
2023-06-18,26336.212890625,9565695129
2023-06-19,26851.029296875,12826986222
2023-06-20,28327.48828125,22211859147
2023-06-21,30027.296875,33346760979
2023-06-22,29912.28125,20653160491
2023-06-23,30695.46875,24115570085
2023-06-24,30548.6953125,12147822496
2023-06-25,30480.26171875,12703464114
2023-06-26,30271.130859375,16493186997
2023-06-27,30688.1640625,16428827944
2023-06-28,30086.24609375,14571500779
2023-06-29,30445.3515625,13180860821
2023-06-30,30477.251953125,26387306197
2023-07-01,30590.078125,9086606733
2023-07-02,30620.76953125,10533418042
2023-07-03,31156.439453125,15271884873
2023-07-04,30777.58203125,12810828427
2023-07-05,30514.166015625,12481622280
2023-07-06,29909.337890625,21129219509
2023-07-07,30342.265625,13384770155
2023-07-08,30292.541015625,7509378699
2023-07-09,30171.234375,7903327692
2023-07-10,30414.470703125,14828209155
2023-07-11,30620.951171875,12151839152
2023-07-12,30391.646484375,14805659717
2023-07-13,31476.048828125,23686079548
2023-07-14,30334.068359375,20917902660
2023-07-15,30295.806640625,8011667756
2023-07-16,30249.1328125,8516564470
2023-07-17,30145.888671875,13240156074
2023-07-18,29856.5625,13138897269
2023-07-19,29913.923828125,12128602812
2023-07-20,29792.015625,14655207121
2023-07-21,29908.744140625,10972789818
2023-07-22,29771.802734375,7873300598
2023-07-23,30084.5390625,9220145050
2023-07-24,29176.916015625,15395817395
2023-07-25,29227.390625,10266772793
2023-07-26,29354.97265625,13497554655
2023-07-27,29210.689453125,10770779217
2023-07-28,29319.24609375,11218474952
2023-07-29,29356.91796875,6481775959
2023-07-30,29275.30859375,8678454527
2023-07-31,29230.111328125,11656781982
2023-08-01,29675.732421875,18272392391
2023-08-02,29151.958984375,19212655598
2023-08-03,29178.6796875,12780357746
2023-08-04,29074.091796875,12036639988
2023-08-05,29042.126953125,6598366353
2023-08-06,29041.85546875,7269806994
2023-08-07,29180.578125,13618163710
2023-08-08,29765.4921875,17570561357
2023-08-09,29561.494140625,18379521213
2023-08-10,29429.591796875,11865344789
2023-08-11,29397.71484375,10195168197
2023-08-12,29415.96484375,6194358008
2023-08-13,29282.9140625,7329897180
2023-08-14,29408.443359375,14013695304
2023-08-15,29170.34765625,12640195779
2023-08-16,28701.779296875,14949271904
2023-08-17,26664.55078125,31120851211
2023-08-18,26049.556640625,24026236529
2023-08-19,26096.205078125,10631443812
2023-08-20,26189.583984375,9036580420
2023-08-21,26124.140625,13371557893
2023-08-22,26031.65625,14503820706
2023-08-23,26431.640625,16985265785
2023-08-24,26162.373046875,12871532023
2023-08-25,26047.66796875,12406045118
2023-08-26,26008.462890625,6034817316
2023-08-27,26089.693359375,6913768611
2023-08-28,26106.150390625,11002805166
2023-08-29,27727.392578125,29368391712
2023-08-30,27297.265625,16343655235
2023-08-31,25931.47265625,20181001451
2023-09-01,25800.724609375,17202862221
2023-09-02,25868.798828125,10100387473
2023-09-03,25969.56640625,8962524523
2023-09-04,25812.416015625,10680635106
2023-09-05,25779.982421875,11094740040
2023-09-06,25753.236328125,12752705327
2023-09-07,26240.1953125,11088307100
2023-09-08,25905.654296875,10817356400
2023-09-09,25895.677734375,5481314132
2023-09-10,25832.2265625,7899553047
2023-09-11,25162.654296875,14600006467
2023-09-12,25833.34375,18657279324
2023-09-13,26228.32421875,13072077070
2023-09-14,26539.673828125,13811359124
2023-09-15,26608.693359375,11479735788
2023-09-16,26568.28125,7402031417
2023-09-17,26534.1875,6774210670
2023-09-18,26754.28125,15615339655
2023-09-19,27211.1171875,13807690550
2023-09-20,27132.0078125,13281116604
2023-09-21,26567.6328125,13371443708
2023-09-22,26579.568359375,10578746709
2023-09-23,26579.390625,7404700301
2023-09-24,26256.826171875,8192867686
2023-09-25,26298.48046875,11997833257
2023-09-26,26217.25,9985498161
2023-09-27,26352.716796875,11718380997
2023-09-28,27021.546875,14079002707
2023-09-29,26911.720703125,10396435377
2023-09-30,26967.916015625,5331172801
2023-10-01,27983.75,9503917434
2023-10-02,27530.78515625,19793041322
2023-10-03,27429.978515625,11407814187
2023-10-04,27799.39453125,11143355314
2023-10-05,27415.912109375,11877253670
2023-10-06,27946.59765625,13492391599
2023-10-07,27968.83984375,6553044316
2023-10-08,27935.08984375,7916875290
2023-10-09,27583.677734375,12007668568
2023-10-10,27391.01953125,9973350678
2023-10-11,26873.3203125,13648094333
2023-10-12,26756.798828125,9392909295
2023-10-13,26862.375,15165312851
2023-10-14,26861.70703125,5388116782
2023-10-15,27159.65234375,7098201980
2023-10-16,28519.466796875,27833876539
2023-10-17,28415.748046875,14872527508
2023-10-18,28328.341796875,12724128586
2023-10-19,28719.806640625,14448058195
2023-10-20,29682.94921875,21536125230
2023-10-21,29918.412109375,11541146996
2023-10-22,29993.896484375,10446520040
2023-10-23,33086.234375,38363572311
2023-10-24,33901.52734375,44934999645
2023-10-25,34502.8203125,25254318008
2023-10-26,34156.6484375,19427195376
2023-10-27,33909.80078125,16418032871
2023-10-28,34089.57421875,10160330825
2023-10-29,34538.48046875,11160323986
2023-10-30,34502.36328125,17184860315
2023-10-31,34667.78125,15758270810
2023-11-01,35437.25390625,22446272005
2023-11-02,34938.2421875,20998158544
2023-11-03,34732.32421875,17158456701
2023-11-04,35082.1953125,9561294264
2023-11-05,35049.35546875,12412743996
2023-11-06,35037.37109375,12693436420
2023-11-07,35443.5625,18834737789
2023-11-08,35655.27734375,17295394918
2023-11-09,36693.125,37762672382
2023-11-10,37313.96875,22711265155
2023-11-11,37138.05078125,13924272142
2023-11-12,37054.51953125,11545715999
2023-11-13,36502.35546875,19057712790
2023-11-14,35537.640625,23857403554
2023-11-15,37880.58203125,27365821679
2023-11-16,36154.76953125,26007385366
2023-11-17,36596.68359375,22445028430
2023-11-18,36585.703125,11886022717
2023-11-19,37386.546875,12915986553
2023-11-20,37476.95703125,20888209068
2023-11-21,35813.8125,25172163756
2023-11-22,37432.33984375,24397247860
2023-11-23,37289.62109375,14214948217
2023-11-24,37720.28125,22922957823
2023-11-25,37796.79296875,9099571165
2023-11-26,37479.12109375,13744796068
2023-11-27,37254.16796875,19002925720
2023-11-28,37831.0859375,21696137014
2023-11-29,37858.4921875,20728546658
2023-11-30,37712.74609375,18115982627
2023-12-01,38688.75,23512784002
2023-12-02,39476.33203125,15534035612
2023-12-03,39978.390625,15769696322
2023-12-04,41980.09765625,39856129827
2023-12-05,44080.6484375,36312154535
2023-12-06,43746.4453125,29909761586
2023-12-07,43292.6640625,27635760671
2023-12-08,44166.6015625,24421116687
2023-12-09,43725.984375,17368210171
2023-12-10,43779.69921875,13000481418
2023-12-11,41243.83203125,40632672038
2023-12-12,41450.22265625,24779520132
2023-12-13,42890.7421875,26797884674
2023-12-14,43023.97265625,25578530178
2023-12-15,41929.7578125,19639442462
2023-12-16,42240.1171875,14386729590
2023-12-17,41364.6640625,16678702876
2023-12-18,42623.5390625,25224642008
2023-12-19,42270.52734375,23171001281
2023-12-20,43652.25,27868908174
2023-12-21,43869.15234375,22452766169
2023-12-22,43997.90234375,21028503216
2023-12-23,43739.54296875,13507796558
2023-12-24,43016.1171875,18830554085
2023-12-25,43613.140625,21115795370
2023-12-26,42520.40234375,30026850982
2023-12-27,43442.85546875,25260941032
2023-12-28,42627.85546875,22992093014
2023-12-29,42099.40234375,26000021055
2023-12-30,42156.90234375,16013925945
2023-12-31,42265.1875,16397498810
2024-01-01,44167.33203125,18426978443
2024-01-02,44957.96875,39335274536
2024-01-03,42848.17578125,46342323118
2024-01-04,44179.921875,30448091210
2024-01-05,44162.69140625,32336029347
2024-01-06,43989.1953125,16092503468
2024-01-07,43943.09765625,19330573863
2024-01-08,46970.50390625,42746192015
2024-01-09,46139.73046875,39821290992
2024-01-10,46627.77734375,50114613298
2024-01-11,46368.5859375,45833734549
2024-01-12,42853.16796875,43332698900
2024-01-13,42842.3828125,20601860469
2024-01-14,41796.26953125,17521429522
2024-01-15,42511.96875,22320220558
2024-01-16,43154.9453125,24062872740
2024-01-17,42742.65234375,20851232595
2024-01-18,41262.05859375,25218357242
2024-01-19,41618.40625,25752407154
2024-01-20,41665.5859375,11586690904
2024-01-21,41545.78515625,9344043642
2024-01-22,39507.3671875,31338708143
2024-01-23,39845.55078125,29244553045
2024-01-24,40077.07421875,22359526178
2024-01-25,39933.80859375,18491782013
2024-01-26,41816.87109375,25598119893
2024-01-27,42120.0546875,11422941934
2024-01-28,42035.59375,16858971687
2024-01-29,43288.24609375,20668476578
2024-01-30,42952.609375,23842814518
2024-01-31,42582.60546875,24673628793
2024-02-01,43075.7734375,21423953779
2024-02-02,43185.859375,18603843039
2024-02-03,42992.25,11169245236
2024-02-04,42583.58203125,14802225490
2024-02-05,42658.66796875,18715487317
2024-02-06,43084.671875,16798476726
2024-02-07,44318.22265625,21126587775
2024-02-08,45301.56640625,26154524080
2024-02-09,47147.19921875,39316770844
2024-02-10,47771.27734375,16398681570
2024-02-11,48293.91796875,19315867136
2024-02-12,49958.22265625,34511985805
2024-02-13,49742.44140625,35593051468
2024-02-14,51826.6953125,39105608050
2024-02-15,51938.5546875,38564360533
2024-02-16,52160.203125,28180567298
2024-02-17,51662.99609375,20009091006
2024-02-18,52122.546875,17595377311
2024-02-19,51779.14453125,21362184346
2024-02-20,52284.875,33353758256
2024-02-21,51839.1796875,28624907020
2024-02-22,51304.97265625,25413900611
2024-02-23,50731.94921875,21427078270
2024-02-24,51571.1015625,15174077879
2024-02-25,51733.23828125,15413239245
2024-02-26,54522.40234375,34074411896
2024-02-27,57085.37109375,49756832031
2024-02-28,62504.7890625,83239156760
2024-02-29,61198.3828125,65496611844
2024-03-01,62440.6328125,40186368423
2024-03-02,62029.84765625,23888473685
2024-03-03,63167.37109375,26253811450
2024-03-04,68330.4140625,70670471105
2024-03-05,63801.19921875,102802940877
2024-03-06,66106.8046875,68750229073
2024-03-07,66925.484375,46989543159
2024-03-08,68300.09375,59202881172
2024-03-09,68498.8828125,21609650379
2024-03-10,69019.7890625,35683977532
2024-03-11,72123.90625,65716656765
2024-03-12,71481.2890625,62554434520
2024-03-13,73083.5,48212536929
2024-03-14,71396.59375,59594605698
2024-03-15,69403.7734375,78320453976
2024-03-16,65315.1171875,46842198371
2024-03-17,68390.625,44716864318
2024-03-18,67548.59375,49261579492
2024-03-19,61912.7734375,74215844794
2024-03-20,67913.671875,66792634382
2024-03-21,65491.390625,44480350565
2024-03-22,63778.76171875,41401116964
2024-03-23,64062.203125,24738964812
2024-03-24,67234.171875,27206630673
2024-03-25,69958.8125,42700139523
2024-03-26,69987.8359375,36010437368
2024-03-27,69455.34375,40827113309
2024-03-28,70744.953125,34374900617
2024-03-29,69892.828125,25230851763
2024-03-30,69645.3046875,17130241883
2024-03-31,71333.6484375,20050941373
2024-04-01,69702.1484375,34873527352
2024-04-02,65446.97265625,50705240709
2024-04-03,65980.8125,34488018367
2024-04-04,68508.84375,34439527442
2024-04-05,67837.640625,33748230056
2024-04-06,68896.109375,19967785809
2024-04-07,69362.5546875,21204930369
2024-04-08,71631.359375,37261432669
2024-04-09,69139.015625,36426900409
2024-04-10,70587.8828125,38318601774
2024-04-11,70060.609375,30153382941
2024-04-12,67195.8671875,44129299406
2024-04-13,63821.47265625,52869738185
2024-04-14,65738.7265625,49084320047
2024-04-15,63426.2109375,43595917654
2024-04-16,63811.86328125,42847528078
2024-04-17,61276.69140625,41915247049
2024-04-18,63512.75390625,36006307335
2024-04-19,63843.5703125,49920425401
2024-04-20,64994.44140625,23097485495
2024-04-21,64926.64453125,20506644853
2024-04-22,66837.6796875,28282686673
2024-04-23,66407.2734375,24310975583
2024-04-24,64276.8984375,30276655120
2024-04-25,64481.70703125,32155786816
2024-04-26,63755.3203125,24139372950
2024-04-27,63419.140625,19530783039
2024-04-28,63113.23046875,17334827993
2024-04-29,63841.12109375,26635912073
2024-04-30,60636.85546875,37840840057
2024-05-01,58254.01171875,48439780271
2024-05-02,59123.43359375,32711813559
2024-05-03,62889.8359375,33172023048
2024-05-04,63891.47265625,20620477992
2024-05-05,64031.1328125,18296164805
2024-05-06,63161.94921875,28697928697
2024-05-07,62334.81640625,25930730982
2024-05-08,61187.94140625,26088172222
2024-05-09,63049.9609375,25453338161
2024-05-10,60792.77734375,27804954694
2024-05-11,60793.7109375,13842272968
2024-05-12,61448.39453125,13800459405
2024-05-13,62901.44921875,27889181179
2024-05-14,61552.7890625,28186271527
2024-05-15,66267.4921875,39815167074
2024-05-16,65231.58203125,31573077994
2024-05-17,67051.875,28031279310
2024-05-18,66940.8046875,16712277406
2024-05-19,66278.3671875,19249094538
2024-05-20,71448.1953125,43850655717
2024-05-21,70136.53125,46932005990
2024-05-22,69122.3359375,32802561717
2024-05-23,67929.5625,41895680979
2024-05-24,68526.1015625,29197308153
2024-05-25,69265.9453125,15473071741
2024-05-26,68518.09375,15628433737
2024-05-27,69394.5546875,25870990717
2024-05-28,68296.21875,32722265965
2024-05-29,67578.09375,26707072906
2024-05-30,68364.9921875,29509712534
2024-05-31,67491.4140625,27387283769
2024-06-01,67706.9375,11641495604
2024-06-02,67751.6015625,17110588415
2024-06-03,68804.78125,32401285324
2024-06-04,70567.765625,33149696545
2024-06-05,71082.8203125,32810771409
2024-06-06,70757.1640625,25223152007
2024-06-07,69342.5859375,36188381096
2024-06-08,69305.7734375,14262185861
2024-06-09,69647.9921875,13534028500
2024-06-10,69512.28125,20597699541
2024-06-11,67332.03125,37116136345
2024-06-12,68241.1875,34497940694
2024-06-13,66756.3984375,28955204146
2024-06-14,66011.09375,27403884779
2024-06-15,66191.0,14121265576
2024-06-16,66639.046875,13281140541
2024-06-17,66490.296875,30006354476
2024-06-18,65140.74609375,39481285950
2024-06-19,64960.296875,21103423504
2024-06-20,64828.65625,25641109124
2024-06-21,64096.19921875,26188171739
2024-06-22,64252.578125,9858198793
2024-06-23,63180.796875,11170471802
2024-06-24,60277.4140625,43152133651
2024-06-25,61804.640625,29201215431
2024-06-26,60811.27734375,22506003064
2024-06-27,61604.80078125,21231745045
2024-06-28,60320.13671875,24952866877
2024-06-29,60887.37890625,12652903396
2024-06-30,62678.29296875,17333226409
2024-07-01,62851.98046875,25468379421
2024-07-02,62029.015625,20151616992
2024-07-03,60173.921875,29756701685
2024-07-04,56977.703125,41149609230
2024-07-05,56662.375,55417544033
2024-07-06,58303.5390625,20610320577
2024-07-07,55849.109375,20553359505
2024-07-08,56705.09765625,39766159899
2024-07-09,58009.2265625,27849512607
2024-07-10,57742.49609375,26175260526
2024-07-11,57344.9140625,28707803842
2024-07-12,57899.46484375,25604805221
2024-07-13,59231.953125,17080061806
2024-07-14,60787.79296875,22223416061
2024-07-15,64870.15234375,38094526099
2024-07-16,65097.1484375,41617346768
2024-07-17,64118.79296875,32525071311
2024-07-18,63974.06640625,27239305337
2024-07-19,66710.15625,37003855410
2024-07-20,67163.6484375,19029581250
2024-07-21,68154.5234375,26652190004
2024-07-22,67585.25,42649109453
2024-07-23,65927.671875,35605668666
2024-07-24,65372.1328125,27470942309
2024-07-25,65777.2265625,38315761670
2024-07-26,67912.0625,30488630457
2024-07-27,67813.3359375,34691905492
2024-07-28,68255.8671875,18043166945
2024-07-29,66819.9140625,40780682628
2024-07-30,66201.015625,31380492109
2024-07-31,64619.25,31292785994
2024-08-01,65357.5,40975554494
2024-08-02,61415.06640625,43060875727
2024-08-03,60680.09375,31753030589
2024-08-04,58116.9765625,31758917219
2024-08-05,53991.45703125,108991085584
2024-08-06,56034.31640625,49300484106
2024-08-07,55027.4609375,41637562185
2024-08-08,61710.13671875,45298472567
2024-08-09,60880.11328125,33425553115
2024-08-10,60945.8125,15745822278
2024-08-11,58719.484375,22759754812
2024-08-12,59354.515625,37078637820
2024-08-13,60609.56640625,30327698167
2024-08-14,58737.26953125,29961696180
2024-08-15,57560.09765625,35682112440
2024-08-16,58894.10546875,29350938673
2024-08-17,59478.97265625,13589684021
2024-08-18,58483.96484375,17740625837
2024-08-19,59493.453125,25911207712
2024-08-20,59012.79296875,31613400008
2024-08-21,61175.19140625,32731154072
2024-08-22,60381.9140625,27625734377
2024-08-23,64094.35546875,42530509233
2024-08-24,64178.9921875,21430585163
2024-08-25,64333.54296875,18827683555
2024-08-26,62880.66015625,27682040631
2024-08-27,59504.1328125,39103882198
2024-08-28,59027.625,40289564698
2024-08-29,59388.1796875,32224990582
2024-08-30,59119.4765625,32292756405
2024-08-31,58969.8984375,12403470760
2024-09-01,57325.48828125,24592449997
2024-09-02,59112.48046875,27036454524
2024-09-03,57431.0234375,26666961053
2024-09-04,57971.5390625,35627680312
2024-09-05,56160.48828125,31030280656
2024-09-06,53948.75390625,49361693566
2024-09-07,54139.6875,19061486526
2024-09-08,54841.56640625,18268287531
2024-09-09,57019.53515625,34618096173
2024-09-10,57648.7109375,28857630507
2024-09-11,57343.171875,37049062672
2024-09-12,58127.01171875,33835707949
2024-09-13,60571.30078125,32490528356
2024-09-14,60005.12109375,16428405496
2024-09-15,59182.8359375,18120960867
2024-09-16,58192.5078125,32032822113
2024-09-17,60308.5390625,38075570118
2024-09-18,61649.6796875,40990702891
2024-09-19,62940.45703125,42710252573
2024-09-20,63192.9765625,35177164222
2024-09-21,63394.83984375,14408616220
2024-09-22,63648.7109375,20183348802
2024-09-23,63329.80078125,31400285425
2024-09-24,64301.96875,29938335243
2024-09-25,63143.14453125,25078377700
2024-09-26,65181.01953125,36873129847
2024-09-27,65790.6640625,32058813449
2024-09-28,65887.6484375,15243637984
2024-09-29,65635.3046875,14788214575
2024-09-30,63329.5,37112957475
2024-10-01,60837.0078125,50220923500
2024-10-02,60632.78515625,40762722398
2024-10-03,60759.40234375,36106447279
2024-10-04,62067.4765625,29585472513
2024-10-05,62089.94921875,13305410749
2024-10-06,62818.953125,14776233667
2024-10-07,62236.66015625,34253562610
2024-10-08,62131.96875,28134475157
2024-10-09,60582.1015625,27670982363
2024-10-10,60274.5,30452813570
2024-10-11,62445.08984375,30327141594
2024-10-12,63193.0234375,16744110886
2024-10-13,62851.375,18177529690
2024-10-14,66046.125,43706958056
2024-10-15,67041.109375,48863870879
2024-10-16,67612.71875,38195189534
2024-10-17,67399.8359375,32790898511
2024-10-18,68418.7890625,36857165014
2024-10-19,68362.734375,14443497908
2024-10-20,69001.703125,18975847518
2024-10-21,67367.8515625,37498611780
2024-10-22,67361.40625,31808472566
2024-10-23,66432.1953125,32263980353
2024-10-24,68161.0546875,31414428647
2024-10-25,66642.4140625,41469984306
2024-10-26,67014.6953125,19588098156
2024-10-27,67929.296875,16721307878
2024-10-28,69907.7578125,38799856657
2024-10-29,72720.4921875,58541874402
2024-10-30,72339.5390625,40646637831
2024-10-31,70215.1875,40627912076
2024-11-01,69482.46875,49989795365
2024-11-02,69289.2734375,18184612091
2024-11-03,68741.1171875,34868307655
2024-11-04,67811.5078125,41184819348
2024-11-05,69359.5625,46046889204
2024-11-06,75639.078125,118592653963
2024-11-07,75904.859375,63467654989
2024-11-08,76545.4765625,55176858003
2024-11-09,76778.8671875,29009480361
2024-11-10,80474.1875,82570594495
2024-11-11,88701.484375,117966845037
2024-11-12,87955.8125,133673285375
2024-11-13,90584.1640625,123559027869
2024-11-14,87250.4296875,87616705248
2024-11-15,91066.0078125,78243109518
2024-11-16,90558.4765625,44333192814
2024-11-17,89845.8515625,46350159305
2024-11-18,90542.640625,75535775084
2024-11-19,92343.7890625,74521048295
2024-11-20,94339.4921875,71730956426
2024-11-21,98504.7265625,106024505582
2024-11-22,98997.6640625,78473580551
2024-11-23,97777.28125,44414644677
2024-11-24,98013.8203125,51712020623
2024-11-25,93102.296875,80909462490
2024-11-26,91985.3203125,91656519855
2024-11-27,95962.53125,71133452438
2024-11-28,95652.46875,52260008261
2024-11-29,97461.5234375,54968682476
2024-11-30,96449.0546875,31634227866
2024-12-01,97279.7890625,36590695296
2024-12-02,95865.3046875,72680784305
2024-12-03,96002.1640625,67067810961
2024-12-04,98768.53125,77199817112
2024-12-05,96593.5703125,149218945580
2024-12-06,99920.7109375,94534772658
2024-12-07,99923.3359375,44177510897
2024-12-08,101236.015625,44125751925
2024-12-09,97432.71875,110676473908
2024-12-10,96675.4296875,104823780634
2024-12-11,101173.03125,85391409936
2024-12-12,100043.0,72073983533
2024-12-13,101459.2578125,56894751583
2024-12-14,101372.96875,40422968793
2024-12-15,104298.6953125,51145914137
2024-12-16,106029.71875,91020417816
2024-12-17,106140.6015625,68589364868
2024-12-18,100041.5390625,93865656139
2024-12-19,97490.953125,97221662392
2024-12-20,97755.9296875,105634083408
2024-12-21,97224.7265625,51765334294
2024-12-22,95104.9375,43147981314
2024-12-23,94686.2421875,65239002919
2024-12-24,98676.09375,47114953674
2024-12-25,99299.1953125,33700394629
2024-12-26,95795.515625,47054980873
2024-12-27,94164.859375,52419934565
2024-12-28,95163.9296875,24107436185
2024-12-29,93530.2265625,29635885267
2024-12-30,92643.2109375,56188003691
2024-12-31,93429.203125,43625106843
